/details/833970261efe5ea6edb14-38483056,"–î–æ–º, 4-–∫–æ–º–Ω., 201 –º2",$ 90 000,"–°—Ä–æ—á–Ω–æ –ø—Ä–æ–¥–∞–º 201,5 –º2 –¢–∞–Ω—Ö–∞—É—Å üî•üî•üî•

90 000$ —Ü–µ–Ω–∞ —Å—Ä–æ—á–Ω–∞—è –Ω–∏–∂–µ –ó–∞—Å—Ç—Ä–æ–π—â–∏–∫–∞!
446$ –∑–∞ –º2! –í—Å–µ –∫–æ–º–º—É–Ω–∏–∫–∞—Ü–∏–∏ –µ—Å—Ç—å!

–≠–ª–∏—Ç–Ω—ã–π —Ä–∞–π–æ–Ω –ö–æ–∫-–ñ–∞—Ä! –ó–µ–º–µ–ª—å–Ω—ã–π —É—á–∞—Å—Ç–æ...",https://cdn.house.kg/house/images/3/e/a/3ea35fd67665f04361af507f91f69477_240x180.jpg
/details/752967261efd656c8f420-98439538,"1-–∫–æ–º–Ω. –∫–≤., 45 –º2, 2 —ç—Ç–∞–∂ –∏–∑ 9",$ 32 000,"O–ß–ï–ù–¨ –°–†–û–ß–ù–û –ü–†–û–î–ê–Æ
1–∫–æ–º.–∫–≤–∞—Ä—Ç–∏—Ä—É –≤ 43 –º2.
–ú–∏–∫—Ä–æ—Ä–∞–π–æ–Ω –ö–æ–∫-–ñ–∞—Ä, 38

105 —Å–µ—Ä–∏–∏, –Ω–µ —É–≥–ª–æ–≤–∞—è 2/9 —ç—Ç.
–°–æ—Å—Ç–æ—è–Ω–∏–µ –æ—Ç–ª–∏—á–Ω–æ–µ.
–û—Å—Ç–∞—ë—Ç—Å—è –≤—Å—ë!
0709622667...",https://cdn.house.kg/house/images/8/4/c/84cc70ed93b3272db2db9bf326350396_240x180.jpg
/details/657355661e8e9a79534c1-44750908,"3-–∫–æ–º–Ω. –∫–≤., 144 –º2, 12 —ç—Ç–∞–∂ –∏–∑ 13",$ 105 000,—Å—Ä–æ—á–Ω–æ –ø—Ä–æ–¥–∞—é –≤ —Å–∞–º–æ–º —Ü–µ–Ω—Ç—Ä–µ 3—Ö –∫–æ–º–Ω–∞—Ç–Ω—É—é –∫–≤–∞—Ä—Ç–∏—Ä—É –ü–°–û. –û–±—â–∞—è –ø–ª–æ—â–∞–¥—å 144–º2. 12—ç—Ç–∞–∂ –∏–∑ 13. –ó–æ–ª–æ—Ç–æ–π –∫–≤–∞–¥—Ä–∞—Ç. –¢–µ—Ö –ø–∞—Å–ø–æ—Ä—Ç –Ω–∞ —Ä—É–∫–∞—Ö. 730$ –∑–∞ –º2. –û—á–µ–Ω—å —Å—Ä...,https://cdn.house.kg/house/images/9/2/9/929a88b7ab16cb471f7a8f63b165facd_240x180.jpg
/details/487145161dbbc227a0de3-37958751,"–î–æ–º, 6 –∏ –±–æ–ª–µ–µ –∫–æ–º–Ω–∞—Ç, 400 –º2",$ 57 000,"–°—Ä–æ—á–Ω–æ! –¢–æ—Ä–≥ –≤–æ–∑–º–æ–∂–µ–Ω! 
—Å. –ü—Ä–æ—Ö–ª–∞–¥–Ω–æ–µ , –≤–≤–µ—Ä—Ö –ø–æ –ê–ª–º–∞-–ê—Ç–∏–Ω—Å–∫–æ–π. 
–£—á–∞—Å—Ç–æ–∫ 15 —Å–æ—Ç. –ö—Ä–∞—Å–Ω–∞—è –∫–Ω–∏–≥–∞! 
–û—Ç–ª–∏—á–Ω–æ –ø–æ–¥ –≥–æ—Å—Ç–µ–≤–æ–π/ –¥–æ–º –æ—Ç–¥—ã—Ö–∞!...",https://cdn.house.kg/house/images/8/a/6/8a63ec0a58186ccb46e4e0c2da0422e6_240x180.jpg
/details/84561236121150b487814-63564877,"3-–∫–æ–º–Ω. –∫–≤., 80 –º2, 13 —ç—Ç–∞–∂ –∏–∑ 14",$ 85 000,"-–ù–æ–≤—ã–π –¥–æ–º
-–°–≤–µ–∂–∏–π —Ä–µ–º–æ–Ω—Ç
-–¶–µ–Ω—Ç—Ä–∞–ª—å–Ω–æ–µ –æ—Ç–æ–ø–ª–µ–Ω–∏–µ
-–¶–µ–Ω—Ç—Ä–∞–ª—å–Ω–æ–µ –≥–∞–∑–æ—Å–Ω–∞–±–∂–µ–Ω–∏–µ
-2 —Å–ø–∞–ª—å–Ω–∏
-–¢—É–∞–ª–µ—Ç –∏ –≤–∞–Ω–Ω–∞—è –æ—Ç–¥–µ–ª—å–Ω–æ
-–ö—É—Ö–Ω—è —Å –≥–æ—Å—Ç–∏–Ω–æ–π —Å—Ç—É–¥–∏—è
-–ö–ª–∞–¥...",https://cdn.house.kg/house/images/e/f/9/ef997c1215b7af230c09a04e4769db4b_240x180.jpg
/details/678575761eba9d96e97c7-20514723,"1-–∫–æ–º–Ω. –∫–≤., 48 –º2, 6 —ç—Ç–∞–∂ –∏–∑ 10",$ 42 000,"–°—Ä–æ—á–Ω–æ –ü—Ä–æ–¥–∞—é 1–∫ –∫–≤–∞—Ä—Ç–∏—Ä—É!
üü¢ –ü–ª–æ—â–∞–¥—å 48–º2
üü¢ –ó–∞—Å—Ç—Ä–æ–π—â–∏–∫ –ù–ë–ö
üü¢ –ö–≤–∞—Ä—Ç–∏—Ä–∞ –ø–æ—Å–ª–µ —Ä–µ–º–æ–Ω—Ç–∞
üü¢ –ö–æ–º–º—É–Ω–∏–∫–∞—Ü–∏–∏ –≤—Å–µ —Ü–µ–Ω—Ç—Ä–∞–ª—å–Ω—ã–µ 
üü¢ –ê–¥—Ä–µ—Å —Å—Ä–µ–¥–Ω–∏–π –î–∂–∞–ª
üü¢ –î–æ–º –∫–∏—Ä–ø–∏—á–Ω...",https://cdn.house.kg/house/images/6/d/6/6d6cb7d37f00a2ce640d25439d527239_240x180.jpg
/details/292853261ead5bf1f0304-62585411,"1-–∫–æ–º–Ω. –∫–≤., 44 –º2, 13 —ç—Ç–∞–∂ –∏–∑ 14",$ 29 350,"–ø—Ä–æ–¥–∞–µ—Ç—Å—è —à–∏–∫–∞—Ä–Ω–∞—è  1-–∫–æ–º–Ω–∞—Ç–Ω–∞—è –∫–≤–∞—Ä—Ç–∏—Ä–∞ –≤ —ç–ª–∏—Ç–Ω–æ–º –¥–æ–º–µ –ø—Ä–µ–º–∏—É–º –∫–ª–∞—Å—Å–∞ –ñ–ö DELUXE –æ—Ç –∫–æ–º–ø–∞–Ω–∏–∏ –ò–•–õ–ê–°.
–¥–æ–º 14 —ç—Ç–∞–∂–Ω—ã–π. –í–µ—Å—å —Ñ–∞—Å–∞–¥ –≤—ã–ø–æ–ª–Ω–µ–Ω –∏–∑ –Ω–∞—Ç—É—Ä–∞–ª—å–Ω–æ–≥...",https://cdn.house.kg/house/images/e/5/3/e53b546f888cfe64b3d2b63eb245b405_240x180.jpg
/details/672507961a4ba54247322-07666785,"–ö–æ–º–º–µ—Ä—á–µ—Å–∫–∞—è –Ω–µ–¥–≤–∏–∂–∏–º–æ—Å—Ç—å, 3000 –º2",$ 840 000,"–ü—Ä–æ–¥–∞—é —Å—Ç—Ä–æ—è—â–µ–µ—Å—è –∑–¥–∞–Ω–∏–µ –≤ —Ü–µ–Ω—Ç—Ä–µ –≥. –ß–æ–ª–ø–æ–Ω-–ê—Ç–∞. –ù–∞–∑–Ω–∞—á–µ–Ω–∏–µ - –≥–æ—Å—Ç–∏–Ω–∏—á–Ω—ã–π –∫–æ–º–ø–ª–µ–∫—Å. –ü–ª–æ—â–∞–¥—å—é 3000 –∫–≤.–º. –£—á–∞—Å—Ç–æ–∫ - 40 —Å–æ—Ç–æ–∫. –¶–µ–Ω—Ç—Ä–∞–ª—å–Ω–∞—è –∫–∞–Ω–∞–ª–∏–∑–∞—Ü–∏—è, –≤...",https://cdn.house.kg/house/images/f/b/4/fb4f791733a265faafa957958c2b8705_240x180.jpg
/details/99344561cd796aeab012-91628533,"3-–∫–æ–º–Ω. –∫–≤., 104.7 –º2, 2 —ç—Ç–∞–∂ –∏–∑ 10",$ 42 000,"–ü—Ä–æ–¥–∞—é—Ç—Å—è –¢–†–ò 3-—Ö –∫–æ–º–Ω–∞—Ç–Ω—ã–µ –∫–≤–∞—Ä—Ç–∏—Ä—ã –≤ –ñ–ö ""–ê–ö –ù–ò–ï–¢"" —Å—Ç—Ä–æ–π–∫–æ–º–ø–∞–Ω–∏–∏ ""–ö–£–¢"".
–≠—Ç–∞–∂–∏: 2-–π, 7-–π –∏ 9-–π.
–ê–¥—Ä–µ—Å: –ê–ª–º–∞—Ç–∏–Ω–∫–∞/–ì–æ—Ä—å–∫–æ–≥–æ
–ö–≤–∞–¥—Ä–∞—Ç—É—Ä–∞: 104.7 –º2
–û–±—ä–µ–∫—Ç ...",https://cdn.house.kg/house/images/6/5/0/6500ee2fd75423f2312ee235c7456ba7_240x180.jpg
/details/47139061e6c69c7cc4c0-61643028,"–î–æ–º, 4-–∫–æ–º–Ω., 70 –º2",$ 78 000,"–ü—Ä–æ–¥–∞–µ—Ç—Å—è –î–æ–º –≤ —Ä–∞–π–æ–Ω–µ –≥–æ—Å—Ä–µ–≥–∏—Å—Ç—Ä–∞. 
–ò–º–µ–µ—Ç—Å—è –≤—Å–µ —É—Å–ª–æ–≤–∏—è. 
–î–æ–º: 70 –∫–≤.–º 4 –∫–æ–º–Ω–∞—Ç—ã. 
–∏–º–µ–µ—Ç—Å—è –º–∞–ª–µ–Ω—å–∫–∞—è —Ö–æ–∑–ø–æ—Å—Ç—Ä–æ–π–∫–∞.
—É—á–∞—Å—Ç–æ–∫ 4 —Å–æ—Ç—ã—Ö.
–ü—Ä–æ–¥–∞–µ–º –±–µ–∑ –ø–æ—Å—Ä–µ...",https://cdn.house.kg/house/images/e/a/6/ea66f612a10eea201e1908aac761b1c0_240x180.jpg
/details/852042661da9cc4c21805-02850874,"–ö–æ–º–º–µ—Ä—á–µ—Å–∫–∞—è –Ω–µ–¥–≤–∏–∂–∏–º–æ—Å—Ç—å, 600 –º2",$ 300 000,"–ê–≥—Ä–æ—Ç—É—Ä–∏—Å—Ç–∏—á–µ—Å–∫–∞—è —Ñ–µ—Ä–º–∞ ""–ö—ã–∑—ã–ª-–¢–∞—à"" —Ä–∞—Å–ø–æ–ª–æ–∂–µ–Ω–∞ –≤ –∂–∏–≤–æ–ø–∏—Å–Ω–æ–º –º–µ—Å—Ç–µ –º–µ–∂–¥—É –¥–µ—Ä–µ–≤–Ω—è–º–∏ –ñ–∞—Ä–∫—ã–Ω–±–∞–µ–≤–æ –∏ –û—Ä—É–∫—Ç—É, –Ω–∞ —Å–µ–≤–µ—Ä–Ω–æ–º –ø–æ–±–µ—Ä–µ–∂—å–µ –æ–∑–µ—Ä–∞ –ò—Å—Å—ã–∫-–ö—É–ª—å. –≠—Ç–æ –º...",https://cdn.house.kg/house/images/7/4/c/74c1f3d9431a4bf14531374a5e385570_240x180.jpg
/details/805121061cabc0f694f98-39685130,"4-–∫–æ–º–Ω. –∫–≤., 121 –º2, 6 —ç—Ç–∞–∂ –∏–∑ 19",$ 119 500,"–°—Ä–æ—á–Ω–æ –ø—Ä–æ–¥–∞—é 4–∫. –ö–≤–∞—Ä—Ç–∏—Ä—É 121,1 –∫–≤.–º –≤ –ü–°–û. –°–ö. –ë–∞–π-–¢–∞—à. –í –ó–æ–ª–æ—Ç–æ–º –∫–≤–∞–¥—Ä–∞—Ç–µ —É–ª.–¢–æ–∫—Ç–æ–≥—É–ª–∞- –ò—Å–∞–Ω–æ–≤–∞, –≤—Å–µ –∫–æ–º–º—É–Ω–∏–∫–∞—Ü–∏–∏ —Ü–µ–Ω—Ç—Ä–∞–ª—å–Ω—ã–µ, –æ—Ç–æ–ø–ª–µ–Ω–∏—è ,–≥–∞–∑, –∫–∞–Ω–∞...",https://cdn.house.kg/house/images/9/e/6/9e688df6df7644585e27683e6416c048_240x180.jpg
/details/506227361e58461246a16-16836286,"3-–∫–æ–º–Ω. –∫–≤., 127 –º2, 7 —ç—Ç–∞–∂ –∏–∑ 8",$ 165 100,"–ü—Ä–æ–¥–∞—é —Ç—Ä—ë—Ö–∫–æ–º–Ω–∞—Ç–Ω—É—é –∫–≤–∞—Ä—Ç–∏—Ä—É –ø—Å–æ –ø—Ä–µ–º—É–∏—É–º –∫–ª–∞—Å—Å–∞ –≤ –∂–∏–ª–æ–º –∫–æ–º–ø–ª–µ–∫—Å–µ Central Park, –∑–∞—Å—Ç—Ä–æ–π—â–∏–∫ Act Building
- –ü–ª–æ—â–∞–¥—å 127–º¬≤, —ç—Ç–∞–∂ 7 –∏–∑ 9
- –†–∞–π–æ–Ω –¢–†–¶ –ê...",https://cdn.house.kg/house/images/7/c/9/7c95db5cc8f196fd883101680eb6120f_240x180.jpg
/details/669369061eec4571fed89-62315043,"1-–∫–æ–º–Ω. –∫–≤., 40 –º2, 6 —ç—Ç–∞–∂ –∏–∑ 12",$ 27 000,"–ü—Ä–æ–¥–∞–µ–º –∫–≤–∞—Ä—Ç–∏—Ä—É –≤ –ñ–ö Green Park. Ihlas. 
6 —ç—Ç–∞–∂, 40 –∫–≤., –≤—Å–µ –æ–∫–Ω–∞ —Å–º–æ—Ç—Ä—è—Ç –Ω–∞ —é–≥....",https://cdn.house.kg/house/images/a/8/a/a8a18e63dda49c9eb4a3e1dc118e5968_240x180.jpg
/details/1537904615582f535af80-48850333,"–î–æ–º, 5-–∫–æ–º–Ω., 140 –º2",$ 120 000,"–ü—Ä–æ–¥–∞—ë—Ç—Å—è –¥–æ–º –≤ —Ä–∞–π–æ–Ω–µ –ß–∞–ø–∞–µ–≤–∞/–ì–∞–≥–∞—Ä–∏–Ω–∞. 
–£—á–∞—Å—Ç–æ–∫ - 7 —Å–æ—Ç–æ–∫ (–¥–æ–º - 140 –∫–≤.–º.) 
–û—Ç–æ–ø–ª–µ–Ω–∏–µ - –≥–∞–∑–æ–≤–æ–µ, —ç–ª–µ–∫—Ç—Ä–∏—á–µ—Å–∫–æ–µ, —Ç–≤.—Ç–æ–ø–ª–∏–≤–æ
–ö–∞–Ω–∞–ª–∏–∑–∞—Ü–∏—è - —Ü–µ–Ω—Ç—Ä–∞–ª—å–Ω–∞...",https://cdn.house.kg/house/images/c/1/3/c13f02d3df21e7db9ed80f34b97d6fdd_240x180.jpg
/details/70592606162acdb397a58-71424973,"–ö–æ–º–º–µ—Ä—á–µ—Å–∫–∞—è –Ω–µ–¥–≤–∏–∂–∏–º–æ—Å—Ç—å, 85 –º2",$ 85 000,"–ü—Ä–æ–¥–∞—é –ø–æ–º–µ—â–µ–Ω–∏–µ 84–º –ø–æ –Æ–∂–Ω–æ–π –ú–∞–≥–∏—Å—Ç—Ä–∞–ª–∏ –ø–µ—Ä–≤–∞—è –ª–∏–Ω–∏—è, —Å –æ—Ç–¥–µ–ª—å–Ω—ã–º –≤—Ö–æ–¥–æ–º, –ø–µ—Ä–≤—ã–π —ç—Ç–∞–∂. 
0500 333 222

""–ñ—É—Å—É–ø –ë–∞–ª–∞—Å–∞–≥—ã–Ω"" - —ç—Ç–æ 13 —ç—Ç–∞–∂–Ω—ã–π –∫–∏—Ä–ø–∏—á–Ω–æ-...",https://cdn.house.kg/house/images/9/3/e/93e269b196299774a1524f89fd94ea8e_240x180.jpg
/details/94326666162a9ccc7fc02-10282914,"2-–∫–æ–º–Ω. –∫–≤., 65 –º2, 5 —ç—Ç–∞–∂ –∏–∑ 9",$ 27 300,–ü—Ä–æ–¥–∞—é 2–∫ –∫–≤–∞—Ä—Ç–∏—Ä—É 65–º2 5 —ç—Ç–∞–∂....,https://cdn.house.kg/house/images/4/d/e/4deabbede6e9ec70bb515d201f1ee9a5_240x180.jpg
/details/30193261ee4fa425f1b7-93801970,"1-–∫–æ–º–Ω. –∫–≤., 45 –º2, 2 —ç—Ç–∞–∂ –∏–∑ 9",$ 32 000,"O–ß–ï–ù–¨ –°–†–û–ß–ù–û –ü–†–û–î–ê–Æ
1–∫–æ–º.–∫–≤–∞—Ä—Ç–∏—Ä—É –≤ 43 –º2.
–ú–∏–∫—Ä–æ—Ä–∞–π–æ–Ω –ö–æ–∫-–ñ–∞—Ä, 38

105 —Å–µ—Ä–∏–∏, –Ω–µ —É–≥–ª–æ–≤–∞—è 2/9 —ç—Ç.
–°–æ—Å—Ç–æ—è–Ω–∏–µ –æ—Ç–ª–∏—á–Ω–æ–µ.
–û—Å—Ç–∞—ë—Ç—Å—è –≤—Å—ë!
0709622667...",https://cdn.house.kg/house/images/d/d/a/dda2d917024960770aec2e10c2c901cc_240x180.jpg
/details/243375661ed1ca0c35dd1-88890502,"1-–∫–æ–º–Ω. –∫–≤., 44 –º2, 8 —ç—Ç–∞–∂ –∏–∑ 9",$ 22 000,"üÜò–°–†–û–ß–ù–û –ü–†–û–î–ê–Å–¢–°–Ø 1-–∫–æ–º–Ω–∞—Ç–Ω–∞—è –∫–≤–∞—Ä—Ç–∏—Ä–∞üÜò

‚ùóÔ∏è–ü—Ä–æ–¥–∞—ë—Ç—Å—è –æ–¥–Ω–æ–∫–æ–º–Ω–∞—Ç–Ω–∞—è –∫–≤–∞—Ä—Ç–∏—Ä–∞ –≤ –∂–∏–ª–æ–º –¥–æ–º–µ ¬´–ö–µ—Ä–µ–º–µ—Ç¬ª, S=44 –∫–≤–∞–¥—Ä–∞—Ç–∞, 106-—è —É–ª—É—á—à–µ–Ω–Ω–∞—è —Å–µ—Ä–∏—è, —ç—Ç–∞–∂ 8/9...",https://cdn.house.kg/house/images/f/4/b/f4b032d80c28652357b7a874c00d3770_240x180.jpg
/details/3675859618a86451f21d6-97763446,"2-–∫–æ–º–Ω. –∫–≤., 59.6 –º2, 3 —ç—Ç–∞–∂ –∏–∑ 10",$ 33 000,,https://cdn.house.kg/house/images/1/a/4/1a4863df783eba8ff08a9cbbdae9a1fc_240x180.jpg
/details/330839861eaa7406f31d2-40189755,"–î–æ–º, 5-–∫–æ–º–Ω., 250 –º2",$ 35 000,"–ü—Ä–æ–¥–∞—é –¥–æ–º —Å–æ –≤—Å–µ–º–∏ —É—Å–ª–æ–≤–∏—è–º–∏ –ë–∏—à–∫–µ–∫ –ø–∞–Ω–∞—Ä–∞–º–∞ —Å–æ—Ç—Ç–∏–∫ 5 (250–º2) —Ç—Ä—ë—Ö —É—Ä–æ–≤–µ–Ω–Ω—ã–π –¥–æ–º–∞ 2 —ç—Ç–∞–∂–∞.
–î–æ–º –ø–æ–ª–Ω–æ—Å—Ç—å—é —Ä–µ–º–æ–Ω—Ç–∏—Ä–æ–≤–∞–ª–∏ –ø–æ–¥ —Å–µ–±—è.
–ò–º–µ–µ—Ç—Å—è –ø–∞—Ä–∫–æ–≤–∫–∞....",https://cdn.house.kg/house/images/0/0/7/007c5add37f486e4dcf20b1afcbe1c00_240x180.jpg
/details/348663561ea9070155074-10992289,"4-–∫–æ–º–Ω. –∫–≤., 140 –º2, 4 —ç—Ç–∞–∂ –∏–∑ 14",$ 83 300,"–°—Ä–æ—á–Ω–∞—è –ø—Ä–æ–¥–∞–∂–∞! 4—Ö –∫–æ–º–Ω–∞—Ç–Ω–∞—è –∫–≤–∞—Ä—Ç–∏—Ä–∞ (—Å—Ç—É–¥–∏—è) –ø—Ä–µ–º–∏—É–º –∫–ª–∞—Å—Å–∞ –≤ —Ü–µ–Ω—Ç—Ä–µ –≥–æ—Ä–æ–¥–∞ (–≠–ª–µ–±–∞–µ–≤–∞ 2), 140–º2, –ø–æ —Ü–µ–Ω–µ 595$/–º2 ‚Äì 83300 $ (—Ü–µ–Ω–∞ —Å –∫–æ—Ç–ª–æ–≤–∞–Ω–∞ –ø–æ 100...",https://cdn.house.kg/house/images/4/e/6/4e64d22f152b70344bffefea81a2146c_240x180.jpg
/details/507138561d951ccd93a18-59954330,"–ö–æ–º–º–µ—Ä—á–µ—Å–∫–∞—è –Ω–µ–¥–≤–∏–∂–∏–º–æ—Å—Ç—å, 200 –º2",$ 200 000,"—Å –≥–æ—Å—Ç–∏–Ω–∏—Ü–µ–π –æ—Å—Ç–∞–µ—Ç—Å—è –≤—Å–µ –æ–±–æ—Ä—É–¥–æ–≤–∞–Ω–∏–µ, –º–µ–±–µ–ª—å, –ø–æ—Å—É–¥–∞, –ø–æ—Å—Ç–µ–ª—å–Ω—ã–µ –ø—Ä–∏–Ω–∞–¥–ª–µ–∂–Ω–æ—Å—Ç–∏ –∏ –º–Ω–æ–≥–æ –≤—Å–µ–≥–æ –¥–æ–ø–æ–ª–Ω–∏—Ç–µ–ª—å–Ω–æ–≥–æ –¥–ª—è —Ä–∞–±–æ—Ç—ã - ""–∑–∞—Ö–æ–¥–∏ –∏ —Ä–∞–±–æ—Ç–∞–π –±–µ–∑ –≤–ª–æ...",https://cdn.house.kg/house/images/1/f/c/1fc29569351be8d58b1185521408acf2_240x180.jpg
/details/1874272616cfbe7bdbd45-04900594,"–î–æ–º, 4-–∫–æ–º–Ω., 133 –º2",$ 128 000,–ü—Ä–æ–¥–∞–µ—Ç—Å—è –±–ª–∞–≥–æ—É—Å—Ç—Ä–æ–µ–Ω–Ω—ã–π –∫–∞—á–µ—Å—Ç–≤–µ–Ω–Ω—ã–π —á–∞—Å—Ç–Ω—ã–π –¥–æ–º –Ω–µ–º–µ—Ü–∫–æ–π –ø–æ—Å—Ç—Ä–æ–π–∫–∏ –≤ –æ–¥–Ω–æ–º –∏–∑ —ç–ª–∏—Ç–Ω—ã—Ö —Ä–∞–π–æ–Ω–æ–≤ –ë–∏—à–∫–µ–∫–∞. –ö–∏—Ä–ø–∏—á–Ω—ã–π. 2 —ç—Ç–∞–∂–∞. 3 –≤–∏–¥–∞ –æ—Ç–æ–ø–ª–µ–Ω–∏—è (—Ü–µ–Ω—Ç—Ä–∞...,https://cdn.house.kg/house/images/6/3/1/631d54d773d7b55c7e5fc55c75de670d_240x180.jpg
/details/6490867619b424b067e55-69709858,"–î–æ–º, 5-–∫–æ–º–Ω., 180 –º2",$ 180 000,"–ü—Ä–æ–¥–∞–µ—Ç—Å—è –¥–æ–º.
–ü–æ –≤—Å–µ–º –≤–æ–ø—Ä–æ—Å–∞–º –ø—Ä–æ—Å—å–±–∞ –æ–±—Ä–∞—â–∞—Ç—å—Å—è —Ç–æ–ª—å–∫–æ –ø–æ —É–∫–∞–∑–∞–Ω–Ω–æ–º—É —Ç–µ–ª–µ—Ñ–æ–Ω—É. –¢–µ–º–∞ –ø–æ–¥–Ω–∏–º–∞–µ—Ç—Å—è –∞–≤—Ç–æ–º–∞—Ç–∏—á–µ—Å–∫–∏.
–ó–∞–ø—Ä–∞—à–∏–≤–∞–µ–º–∞—è —Ü–µ–Ω–∞ 180 —Ç.–¥–æ–ª.
–î–æ–º...",https://cdn.house.kg/house/images/4/f/1/4f1b8ef5c313624bd02a9e2ce515409d_240x180.jpg
/details/160587461d44e38516857-20965337,"3-–∫–æ–º–Ω. –∫–≤., 80 –º2, 2 —ç—Ç–∞–∂ –∏–∑ 5",$ 73 000,"–ü—Ä–æ–¥—é –æ—á–µ–Ω—å —É—é—Ç–Ω—É—é 3—Ö –∫. –∫–≤–∞—Ä—Ç–∏—Ä—É –≤ –ù–∏–∂–Ω–µ–º –î–∂–∞–ª–µ. –ò–Ω–¥–∏–≤–∏–¥—É–∞–ª—å–Ω–∞—è –ø–ª–∞–Ω–∏—Ä–æ–≤–∫–∞. 2-–æ–π —ç—Ç–∞–∂. –ó–∞–ª - 24–º2. –ö—É—Ö–Ω—è - 12 –º2. –î–≤–µ –∑–∞—Å—Ç–µ–∫–ª–µ–Ω–Ω—ã–Ω –ª–æ–¥–∂–∏–∏ 12,50–º2, –≤—Ç...",https://cdn.house.kg/house/images/3/5/0/350ee6542274ec86cb4c69650029cfe9_240x180.jpg
/details/163553161b7858176edd3-87645532,"–ö–æ–º–º–µ—Ä—á–µ—Å–∫–∞—è –Ω–µ–¥–≤–∏–∂–∏–º–æ—Å—Ç—å, 120 –º2",$ 95 000,"–°—Ä–æ—á–Ω–æ –ø—Ä–æ–¥–∞—é –∏–ª–∏ —Å–¥–∞—é –Ω–µ–∂–∏–ª–æ–µ –ø–æ–º–µ—â–µ–Ω–∏–µ –ø–æ–¥ –¥–∏–∑–∞–π–Ω–µ—Ä—Å–∫—É—é —Å—Ç—É–¥–∏—é –ø–ª–æ—â–∞–¥—å—é 120 –∫–≤.–º. –Ω–∞ 1-–æ–π  –ª–∏–Ω–∏–∏ –ø–æ —É–ª. –ú–æ—Å–∫–æ–≤—Å–∫–æ–π/–ò—Å–∞–Ω–æ–≤–∞. –¶–µ–Ω—Ç—Ä, —Ä–∞–∑–≤–∏—Ç–∞—è –∏–Ω—Ñ—Ä–∞—Å—Ç—Ä...",https://cdn.house.kg/house/images/6/4/7/647ff5c80389daa91875be874180c8ec_240x180.jpg
/details/231638061ec3a258c3614-47260739,"3-–∫–æ–º–Ω. –∫–≤., 103 –º2, 2 —ç—Ç–∞–∂ –∏–∑ 10",$ 102 000,"–°—Ä–æ—á–Ω–æ –ø—Ä–æ–¥–∞—é 3-—Ö –∫.–∫–≤–∞—Ä—Ç–∏—Ä—É –≤ —ç–ª–∏—Ç–∫–µ –ø–ª–æ—â–∞–¥—å—é 103 –∫–≤.–º., —ç—Ç–∞–∂ 2 –∏–∑ 10. –í—Å—é –º–µ–±–µ–ª—å –æ—Å—Ç–∞–≤–ª—è–µ–º. –ê–¥—Ä–µ—Å: –§—Ä—É–Ω–∑–µ/–¢—É—Ä—É—Å–±–µ–∫–æ–≤–∞, —Ö–æ—Ä–æ—à–∏–π —Ä–∞–π–æ–Ω, —Ä–∞–∑–≤–∏—Ç–∞—è –∏–Ω—Ñ—Ä–∞...",https://cdn.house.kg/house/images/1/6/f/16f210615c59d975d8ec4353cb98f41e_240x180.jpg
/details/148427861e6c76482e386-14181321,"1-–∫–æ–º–Ω. –∫–≤., 33 –º2, 1 —ç—Ç–∞–∂ –∏–∑ 4",$ 31 900,"–°—Ä–æ—á–Ω–æ –ø—Ä–æ–¥–∞—é 1 –∫.–∫–≤–∞—Ä—Ç–∏—Ä—É –≤ 8 –º–∫—Ä., –≤—Ç–æ—Ä–∞—è –ª–∏–Ω–∏—è –æ—Ç –°–æ–≤–µ—Ç—Å–∫–æ–π. 104 —Å–µ—Ä–∏—è, 1 —ç—Ç–∞–∂ –∏–∑ 4, –Ω–æ —Å –ª–æ–¥–∂–∏–µ–π. –•–æ—Ä–æ—à–∏–π —Ä–∞–π–æ–Ω, —Ä–∞–∑–≤–∏—Ç–∞—è –∏–Ω—Ñ—Ä–∞—Å—Ç—Ä—É–∫—Ç—É—Ä–∞, —Ä—è–¥–æ–º –µ—Å...",https://cdn.house.kg/house/images/4/0/c/40c2092949642a2114056306a30b8bf0_240x180.jpg
/details/599087361e80a58e75130-00368167,"–£—á–∞—Å—Ç–æ–∫, 5 —Å–æ—Ç–æ–∫",$ 27 500,"–°—Ä–æ—á–Ω–æ –ø—Ä–æ–¥–∞—é –∑–µ–º–µ–ª—å–Ω—ã–π —É—á–∞—Å—Ç–æ–∫ –ø–ª–æ—â–∞–¥—å—é 5 —Å–æ—Ç–æ–∫ –≤ —Å. –ö–æ–∫-–ñ–∞—Ä, ""–∫—Ä–∞—Å–Ω–∞—è –∫–Ω–∏–≥–∞"", –∏–∑ –∫–æ–º–º—É–Ω–∏–∫–∞—Ü–∏–π: –≥–∞–∑, –≤–æ–¥–æ–ø—Ä–æ–≤–æ–¥ –∏ —ç–ª–µ–∫—Ç—Ä–∏—á–µ—Å—Ç–≤–æ. –¶–µ–Ω–∞: 27500$. –¢–µ–ª.: ...",https://cdn.house.kg/house/images/6/e/9/6e9ebf8073ced923739f3e4d15ce7709_240x180.jpg
/details/781354761ebdf473dca77-54145712,"2-–∫–æ–º–Ω. –∫–≤., 43 –º2, 1 —ç—Ç–∞–∂ –∏–∑ 4",$ 40 900,"–°—Ä–æ—á–Ω–æ –ø—Ä–æ–¥–∞—é 2-—Ö –∫.–∫–≤–∞—Ä—Ç–∏—Ä—É 104 —Å–µ—Ä–∏–∏ –≤ 6 –º–∫—Ä. –ø–æ —Å—Ç–∞—Ä–æ–π –¥–æ—Ä–æ–≥–µ (–ê–π—Ç–∏–µ–≤–∞), —ç—Ç–∞–∂ 1 –∏–∑ 4, + –ª–æ–¥–∂–∏—è, –¥–≤–∞ –ø–æ–¥–≤–∞–ª–∞. –û—Å—Ç–∞–≤–ª—è–µ–º —á–∞—Å—Ç–∏—á–Ω–æ –º–µ–±–µ–ª—å. + 2 –ø–∞—Ä–∫–æ–≤–æ...",https://cdn.house.kg/house/images/b/9/5/b95466aa1e1e0f5093b07a00b83dff72_240x180.jpg
/details/834536561ec8cac3a7e22-34886707,"2-–∫–æ–º–Ω. –∫–≤., 64 –º2, 5 —ç—Ç–∞–∂ –∏–∑ 12",$ 50 900,"–ü—Ä–æ–¥–∞—é 2-—Ö –∫.–∫–≤–∞—Ä—Ç–∏—Ä—É —Å—Ç—É–¥–∏—é –ø–æ  —É–ª.–ú–µ–¥–µ—Ä–æ–≤–∞/–Æ–Ω—É—Å–∞–ª–∏–µ–≤–∞ (–ö.–ú–∞—Ä–∫—Å–∞), —ç—Ç–∞–∂ 5 –∏–∑ 12, –Ω–µ —É–≥–ª–æ–≤–∞—è, –ø–ª–æ—â–∞–¥—å 64 –º2, + –ª–æ–¥–∂–∏—è 3 –º2, 2015 –≥–æ–¥ –ø–æ—Å—Ç—Ä–æ–π–∫–∏, –º–∞—Ç–µ—Ä–∏...",https://cdn.house.kg/house/images/4/b/1/4b1b5cc77b04d77a74d55a99a36997c3_240x180.jpg
/details/415582361ec87cea55b42-48009348,"3-–∫–æ–º–Ω. –∫–≤., 110 –º2, 5 —ç—Ç–∞–∂ –∏–∑ 10",$ 119 500,"–°—Ä–æ—á–Ω–æ –ø—Ä–æ–¥–∞—é 3-—Ö –∫.–∫–≤–∞—Ä—Ç–∏—Ä—É –≤ —ç–ª–∏—Ç–∫–µ –≤ —à–∏–∫–∞—Ä–Ω–æ–º —Ä–∞–π–æ–Ω–µ –Ω–∞ –Æ–∂–Ω–æ–π –ú–∞–≥–∏—Å—Ç—Ä–∞–ª–∏ –Ω–∞–ø—Ä–æ—Ç–∏–≤ –º–∫—Ä. –ê—Å–∞–Ω–±–∞–π. –°–ö ¬´–û–ø—Ç–∏–º–∞ —Å—Ç—Ä–æ–π¬ª, –ø–ª–æ—â–∞–¥—å 110 –º2, —ç—Ç–∞–∂ 5 –∏–∑ 12, –æ–∫...",https://cdn.house.kg/house/images/4/6/a/46af3e411959920b75e975e7644516bf_240x180.jpg
/details/29737235ffd45942ab804-21663588,"–î–æ–º, 6 –∏ –±–æ–ª–µ–µ –∫–æ–º–Ω–∞—Ç, 220 –º2",$ 270 000,"–°—Ä–æ—á–Ω–æ! –ü—Ä–æ–¥–∞–µ—Ç—Å—è –û—Å–æ–±–Ω—è–∫ 220–∫–≤ –º–µ—Ç—Ä 4—Å–æ—Ç–æ–∫ –Ω–æ–≤—ã–π —Ä–µ–º–æ–Ω—Ç –≤—Å–µ –∫–æ–º—É–Ω–∏–∫–∞—Ü–∏–∏ —Ü–µ–Ω—Ç—Ä–∞–ª—å–Ω–æ–µ. 270 000$
0550 52 00 16/ 0704 52 56 24...",https://cdn.house.kg/house/images/3/c/b/3cb0b7d2deaf27beb9e8063a8b90f83b_240x180.jpg
/details/555068061eff8076b67d2-06629712,"1-–∫–æ–º–Ω. –∫–≤., 46 –º2, 7 —ç—Ç–∞–∂ –∏–∑ 14",$ 31 500,"1–∫ –≠–ª–∏—Ç–∫–∞ 46,6 –º2 –ü–°–û 
–ê—Å–∞–Ω–±–∞–π (–Ω–∞–ø—Ä–æ—Ç–∏–≤ –ì–ª–æ–±—É—Å–∞)
–ñ–ö ‚Äú–ß—ã–Ω–≥—ã–∑ –ê–π—Ç–º–∞—Ç–æ–≤ –û—Ä–¥–æ—Å—É"" 
–°–ö ‚ÄúKG –ì–†–£–ü–ü""

–¶–µ–Ω–∞ 31500$

- –î–æ–º –∞–∫—Ç–∏–≤–Ω–æ –∑–∞—Å–µ–ª—è–µ—Ç—Å—è
- –Ω–∞ 7 —ç—Ç–∞...",https://cdn.house.kg/house/images/f/8/6/f86e41f81acc11d803c98c77cd70fbd8_240x180.jpg
/details/559752361e6a6d9aba086-67670390,"1-–∫–æ–º–Ω. –∫–≤., 46 –º2, 9 —ç—Ç–∞–∂ –∏–∑ 9",$ 30 000,"–°—Ä–æ—á–Ω–æ —Å—Ä–æ—á–Ω–æ!!!–ü—Ä–æ–¥–∞—é 1 –∫–æ–º –∫–≤–∞—Ä—Ç–∏—Ä—É –º–∫—Ä –Ω–∏–∂–Ω–∏–π –¥–∂–∞–ª  105 —Å–µ—Ä–∏—è .–í—Å–µ –ø–æ —à–∞–≥–æ–≤–æ–π –¥–æ—Å—Ç—É–ø–Ω–æ—Å—Ç–∏ –≥–ª–æ–±—É—Å , –¥–µ—Ç—Å–∫–∏–π —Å–∞–¥,–±–æ–ª—å–Ω–∏—Ü–∞, —à–∫–æ–ª–∞,–º–∞–≥–∞–∑–∏–Ω—ã,—Ä—Å–∫,–±–∞–Ω—è, —Ç...",https://cdn.house.kg/house/images/3/4/d/34de30c45e915005fe749c03d2927c5c_240x180.jpg
/details/7559727616a6dd9976989-18912976,"–î–æ–º, 3-–∫–æ–º–Ω., 49 –º2",$ 13 500,"–°—Ä–æ—á–Ω–æ –Ω–µ–¥–æ—Ä–æ–≥–æ –ø—Ä–æ–¥–∞–µ–º –¥–æ–º  –±–∞—Ä–∞—á–Ω–æ–≥–æ —Ç–∏–ø–∞ —É–≥–ª–æ–≤–∞—è,3–∫–æ–º–Ω–∞—Ç—ã ,–∫—É—Ö–Ω—è, –∏–∑ –∫–æ–º–º—É–Ω–∏–∫–∞—Ü–∏–π: —Å–≤–µ—Ç,–≤–æ–¥–∞,—Ü/–∫, –≥–∞–∑  2 –º–µ—Ç—Ä–∞ –æ—Ç –¥–æ–º–∞....",
/details/381248761e98702e65257-31777893,"–£—á–∞—Å—Ç–æ–∫, 4 —Å–æ—Ç–∫–∏",$ 17 000,"–°—Ä–æ—á–Ω–æ –ø—Ä–æ–¥–∞–µ–º —É—á–∞—Å—Ç–æ–∫ 4 —Å–æ—Ç–∫–∏ ,—Ä–∞–∑–º–µ—Ä (13√ó33).–ü—Ä–æ—Å–∏–º 17000$,–∑–≤–æ–Ω–∏—Ç—å 0553205042....",https://cdn.house.kg/house/images/1/9/2/192a3336f261bb07b09d5a69725c32f8_240x180.jpg
/details/6472416619e4a583b14d1-43294975,"2-–∫–æ–º–Ω. –∫–≤., 50 –º2, 1 —ç—Ç–∞–∂ –∏–∑ 2",$ 31 500,"–°—Ä–æ—á–Ω–æ  –ø—Ä–æ–¥–∞–µ–º  2–∫–æ–º–Ω–∞—Ç–Ω—É—é –∫–≤–∞—Ä—Ç–∏—Ä—É 50–∫–≤.–º. –∫–≤–∞—Ä—Ç–∏—Ä–∞ –≤ —Ö–æ—Ä–æ—à–µ–º —Å–æ—Å—Ç–æ—è–Ω–∏–∏,—Å–∞–Ω.—É–∑–µ–ª –∏ –≤–∞–Ω–Ω–∞ —Å–æ–≤–º–µ—â—ë–Ω, –≥–æ—Ä—è—á–∞—è –≤–æ–¥–∞ –ê—Ä–∏—Å—Ç–æ–Ω  ,–æ—Ç–æ–ø–ª–µ–Ω–∏–µ  —ç–ª–µ–∫—Ç—Ä–∏—á–µ—Å–∫–æ–µ,–µ...",https://cdn.house.kg/house/images/9/e/8/9e8f04a9754ec27bb071725bd87d7980_240x180.jpg
/details/287675460c1ad224b89a5-61924836,"–î–∞—á–∞, 2-–∫–æ–º–Ω., 43 –º2",$ 16 000,"–ü—Ä–æ–¥–∞—ë—Ç—Å—è –¥–∞—á–∞, —Å –ê—Ä–∞—à–∞–Ω (—Å—Ç –≠–ª–µ–∫—Ç—Ä–∏–∫), —É—á–∞—Å—Ç–æ–∫ 6 —Å–æ—Ç–æ–∫, –∫—Ä–∞—Å–Ω–∞—è –∫–Ω–∏–≥–∞....",https://cdn.house.kg/house/images/0/0/a/00a9ca2caf01aa0b0ef8a7475bbfc620_240x180.jpg
/details/679847461d97886575750-17097125,"–î–æ–º, 3-–∫–æ–º–Ω., 42 –º2",$ 28 000,"–°—Ä–æ—á–Ω–æ –ø—Ä–æ–¥–∞–µ–º –¥–æ–º, 3–∫–æ–º–Ω–∞—Ç—ã,—Å–∞–º–∞–Ω–Ω—ã–π ,—Å—Ç–µ–Ω—ã –ø–æ–±–µ–ª–∫–∞ ,–ø–æ–ª –¥–µ—Ä–µ–≤—è–Ω–Ω—ã–π, –æ—Ç–æ–ø–ª–µ–Ω–∏–µ –ø–µ—á–∫–∞ –∏ –∫–∞–Ω—Ç—Ä–∞–º–∞—Ä–∫–∞,, –≤ –¥–æ–º–µ –≤–æ–¥–∞ –∏ —Å–≤–µ—Ç,–≤–æ –¥–≤–æ—Ä–µ –µ—Å—Ç—å  —Å–∫–≤–∞–∂–∏–Ω–∞,—É—á–∞—Å—Ç...",https://cdn.house.kg/house/images/2/1/8/218339e500e90a435e57c19b0f334ebf_240x180.jpg
/details/8898818612fdf00bf5442-79326986,"3-–∫–æ–º–Ω. –∫–≤., 60 –º2, 5 —ç—Ç–∞–∂ –∏–∑ 5",$ 45 000,"–ü—Ä–æ–¥–∞–µ—Ç—Å—è 3–∫–æ–º–Ω–∞—Ç–Ω–∞—è  –∫–≤–∞—Ä—Ç–∏—Ä–∞  –Ω–µ —É–≥–ª–æ–≤–∞—è  5/5,–∫–≤–∞—Ä—Ç–∏—Ä–∞  –≤ —Å—Ä–µ–¥–Ω–µ–º —Å–æ—Å—Ç–æ—è–Ω–∏–∏....",
/details/925459861b304d41fb4f9-32095815,"–î–æ–º, 3-–∫–æ–º–Ω., 45 –º2",$ 25 000,"–°—Ä–æ—á–Ω–æ  –¥–æ–º 2–∫–æ–º–Ω–∞—Ç—ã ,–∫—É—Ö–Ω—è,—Å–∞–Ω.—É–∑–µ–ª –∏ –¥—É—à —Å–æ–≤–º–µ—â–µ–Ω—ã,–≥–æ—Ä—è—á–∞—è –≤–æ–¥–∞ –ê—Ä–∏—Å—Ç–æ–Ω,,—É—á–∞—Å—Ç–æ–∫ 1.3—Å–æ—Ç–∫–∏ –º–µ—Å—Ç–æ –ø–æ–¥ –º–∞—à–∏–Ω—É –µ—Å—Ç—å,–¥–æ–º –≤ —Ö–æ—Ä–æ—à–µ–º —Å–æ—Å—Ç–æ—è–Ω–∏–∏,—Ä—è–¥–æ–º –í–æ—Å—Ç.–∞...",https://cdn.house.kg/house/images/c/f/3/cf3c8bb0b84a1d21d0fdd2e0e5942699_240x180.jpg
/details/699525461bad8604bb7a8-74261238,"1-–∫–æ–º–Ω. –∫–≤., 32 –º2, 3 —ç—Ç–∞–∂ –∏–∑ 5",$ 34 000,"–î–æ–º–∞ –ü—Ä–µ–º–∏—É–º –∫–ª–∞—Å—Å–∞.
–° —Ä–µ–º–æ–Ω—Ç–æ–º –ø–æ–¥ –∫–ª—é—á !
–î–æ–º –¥–æ—Å—Ç—Ä–æ–µ–Ω , –ª–µ—Ç–æ–º —Å–¥–∞–≤–∞–ª–∏.
–ê–ª—å—Ñ–∞ –°—Ç—Ä–æ–π ( –Ω–µ –ø—É—Ç–∞–π—Ç–µ —Å –ì—Ä–∞–∂–¥–∞–Ω —Å—Ç—Ä–æ–π )
–ù–∞ —Ç–µ—Ä—Ä–∏—Ç–æ—Ä–∏–∏ –¶–µ–Ω—Ç—Ä–∞ –û—Ç–¥—ã—Ö–∞ ""–†–∞–¥—É–≥...",https://cdn.house.kg/house/images/b/c/a/bca9e29e9a4c074b69812926d8afcb3a_240x180.jpg
/details/9229173615b0fefbdf689-02044507,"–î–æ–º, 3-–∫–æ–º–Ω., 42 –º2",$ 55 500,"–°—Ä–æ—á–Ω–æ –ø—Ä–æ–¥–∞–µ–º –¥–æ–º —Å–∞–º–∞–Ω–Ω—ã–π- 2–∫–æ–º–Ω–∞—Ç—ã,–∫—É—Ö–Ω—è,, –µ—Å—Ç—å –±–∞–Ω—è,–≤—Ä–µ–º—è–Ω–∫–∞, —É—á–∞—Å—Ç–æ–∫  20 —Å–æ—Ç–æ–∫, –≤ –≤–æ –≤—Ä–µ–º—è–Ω–∫–µ –∏ –≤ –¥–æ–º–µ –µ—Å—Ç—å  3  —Ñ–∞–∑—ã -—ç–ª–µ–∫—Ç—Ä–∏—á–µ—Å—Ç–≤–∞,  —Ä—è–¥–æ–º –≥–∞–∑, ...",https://cdn.house.kg/house/images/0/3/8/038bd2a1f415372e3df7c3ac20b3e293_240x180.jpg
/details/749587960ddf5c66be245-80352148,"–î–æ–º, 5-–∫–æ–º–Ω., 180 –º2",$ 54 000,"–°—Ä–æ—á–Ω–æ –ø—Ä–æ–¥–∞–µ—Ç—Å—è 3 —É—Ä–æ–≤–Ω–µ–≤—ã–π –¥–æ–º –∫–∏—Ä–ø–∏—á–Ω—ã–π  2019 –≥–æ–¥–∞ –ø–æ—Å—Ç—Ä–æ–π–∫–∏ –Ω–æ–≤—ã–π 1 -—Ü–æ–∫–æ–ª—å–Ω—ã–π —ç—Ç–∞–∂ –∫–æ—Ç–µ–ª—å–Ω–∞—è ,—Å—Ç–æ–∏—Ç 2 –∫–æ—Ç–ª–∞ –æ—Ç–æ–ø–ª–µ–Ω–∏–µ –ø–∞—Ä–æ–≤–æ–µ,—Å–º–µ—à–∞–Ω–Ω–æ–µ.,5 –∫–ª–∞–¥–æ–≤...",https://cdn.house.kg/house/images/6/d/1/6d17e0d108dda1eb10072cc7bdf44528_240x180.jpg
/details/2477225612426ea482698-16941402,"–î–æ–º, 3-–∫–æ–º–Ω., 36 –º2",$ 26 000,"–°—Ä–æ—á–Ω–æ  –ø—Ä–æ–¥–∞–µ–º –¥–æ–º –≤ –ù–æ–≤–æ-–ü–∞–≤–ª–æ–≤–∫–µ –¥–æ–º —Ç—Ä–µ–±—É–µ—Ç —Ä–µ–º–æ–Ω—Ç–∞, —à–∏—Ä–∏–Ω–∞ —É—á–∞—Å—Ç–∫–∞ –ø–æ —É–ª. 12,5–º–µ—Ç—Ä–∞....",
/details/5921071612881ab381920-66556071,"–î–æ–º, 5-–∫–æ–º–Ω., 100 –º2",$ 57 000,"–°—Ä–æ—á–Ω–æ –ø—Ä–æ–¥–∞–µ—Ç—Å—è –¥–æ–º –∫–∏—Ä–ø–∏—á–Ω—ã–π 100 –∫–≤.–º.  5–∫–æ–º–Ω–∞—Ç ,3—Å–ø–∞–ª—å–Ω–∏ ,2–∑–∞–ª–∞, –∫—É—Ö–Ω—è, ,–æ—Ç–¥–µ–ª—å–Ω–æ –±–∞–Ω—è,–≥–∞—Ä–∞–∂,–ª–µ—Ç–Ω—è—è –±–µ—Å–µ–¥–∫–∞. ,–º–æ–∂–Ω–æ –ø–æ–¥ –±–∏–∑–Ω–µ—Å —Ä—è–¥–æ–º —Ç—Ä–∞—Å—Å–∞....",https://cdn.house.kg/house/images/4/b/6/4b61e77fa286247543253f77725894f7_240x180.jpg
/details/106039560d59cabf09c99-23937194,"–î–æ–º, 3-–∫–æ–º–Ω., 59 –º2",$ 51 000,"–ø—Ä–æ–¥–∞–µ—Ç—Å—è –∫–∏—Ä–ø–∏—á–Ω—ã–π –¥–æ–º 3 –∫–æ–º–Ω–∞—Ç—ã ,–∫—É—Ö–Ω—è,—Å–∞–Ω.—É–∑–µ–ª +–¥—É—à.,–∫–∞—Ñ–µ–ª—å –ø–æ–ª–Ω–æ—Å—Ç—å—é –¥–æ –ø–æ—Ç–æ–ª–∫–∞ ,–ê—Ä–∏—Å—Ç–æ–Ω 80–ª–∏—Ç—Ä–æ–≤ –≥–æ—Ä—è—á–∞—è –≤–æ–¥–∞ –∏ –≤ –∫—É—Ö–Ω–µ –∏ –¥—É—à–µ  –∏ –≤ —Ä–∞–∫–æ–≤–∏–Ω–µ –≤ —É–º...",https://cdn.house.kg/house/images/a/8/5/a85901a5066e01f63c7d5e3aef42ec92_240x180.jpg
/details/920632560fab0eb5f5251-41862593,"–î–æ–º, 3-–∫–æ–º–Ω., 52 –º2",$ 23 000,"–°—Ä–æ—á–Ω–æ –ø—Ä–æ–¥–∞–µ–º –∏–ª–∏ –º–µ–Ω—è–µ–º  –Ω–∞ 1-2 –∫–æ–º–Ω–∞—Ç–Ω—É—é –∫–≤–∞—Ä—Ç–∏—Ä—É   –∂–µ–ª–∞—Ç–µ–ª—å–Ω–æ –≤ —Å—Ç–æ—Ä–æ–Ω—É –∞—ç—Ä–æ–ø–æ—Ä—Ç–∞. –ú–∞–Ω–∞—Å.,–≤ –¥–æ–º–µ 3–∫–æ–º–Ω–∞—Ç—ã —Å–∞–Ω.—É–∑–µ–ª –≤ –¥–æ–º–µ,–µ—Å—Ç—å –±–∞–Ω—è,—Ö–æ–∑.–ø–æ—Å—Ç—Ä–æ–π–∫–∏,...",https://cdn.house.kg/house/images/4/7/7/477e566306657d13452b081ed6f0b0c2_240x180.jpg
/details/4398426615de2a058b946-36121503,"–î–æ–º, 5-–∫–æ–º–Ω., 100 –º2",$ 51 000,"–°—Ä–æ—á–Ω–æ –ø—Ä–æ–¥–∞–µ—Ç—Å—è –¥–æ–º –∫–∏—Ä–ø–∏—á–Ω—ã–π —Å –º–∞–Ω—Å–∞—Ä–¥–æ–π  –≤ –¥–æ–º–µ 5 –∫–æ–º–Ω–∞—Ç,–∫—É—Ö–Ω—è,—Å–∞–Ω.—É–∑–µ–ª, –≤–∞–Ω–Ω–∞,–æ—Ç–æ–ø–ª–µ–Ω–∏–µ –ø–∞—Ä–æ–≤–æ–µ,–∫–æ—Ç–µ–ª—å–Ω–∞—è –Ω–∞—Ö–æ–¥–∏—Ç—Å—è –≤ —Ü–æ–∫–æ–ª—å–Ω–æ–º –ø–æ–º–µ—â–µ–Ω–∏–∏ –¥–æ–º–∞., –µ...",https://cdn.house.kg/house/images/0/4/4/044416561c35a480c0bf184ab4efae58_240x180.jpg
/details/9032078612cfbcadb7f49-82409996,"–î–æ–º, 4-–∫–æ–º–Ω., 76 –º2",$ 61 000,–ü—Ä–æ–¥–∞–µ–º –¥–æ–º –∏–ª–∏  –º–µ–Ω—è–µ–º –Ω–∞ 2 –∫–æ–º–Ω–∞—Ç–Ω—É—é –∫–≤–∞—Ä—Ç–∏—Ä—É –≤ –º–∫—Ä.–ê–ª–∞–º–µ–¥–∏–Ω-1 –Ω–µ –≤—ã—à–µ 2—ç—Ç–∞–∂–∞. —Å –¥–æ–ø–ª–∞—Ç–æ–π –º–Ω–µ....,https://cdn.house.kg/house/images/a/3/9/a39951ef19f3fc37ed3726f29a8caaa2_240x180.jpg
/details/3817189617258dc600ff1-76370963,"3-–∫–æ–º–Ω. –∫–≤., 63 –º2, 2 —ç—Ç–∞–∂ –∏–∑ 5",$ 57 000,"–°—Ä–æ—á–Ω–æ  3–∫–æ–º–Ω–∞—Ç–Ω–∞—è –∫–≤–∞—Ä—Ç–∏—Ä–∞  —á–µ—à—Å–∫–∏–π –ø—Ä–æ–µ–∫—Ç 63 –∫–≤.–º.,–∫–∞–ø.—Ä–µ–º–æ–Ω—Ç –ø—Ä–æ–∏–∑–≤–æ–¥–∏–ª—Å—è –≤ 2017–≥–æ–¥—É –º–µ–Ω—è–ª–∏ –≤—Å–µ —Ç—Ä—É–±—ã —Å–∞–Ω.—Ç–µ—Ö–Ω–∏–∫—É ,—Å—Ç–µ–Ω—ã –ø–æ–¥ —è–π—Ü–æ,–ø–ª–∞—Å—Ç–∏–∫–æ–≤—ã–µ –æ–∫–Ω–∞ ...",https://cdn.house.kg/house/images/4/7/7/4771243be126ab9b0ecfd3fe67d1771a_240x180.jpg
/details/367818161d672030189a4-27075567,"1-–∫–æ–º–Ω. –∫–≤., 44.5 –º2, 9 —ç—Ç–∞–∂ –∏–∑ 9",$ 34 000,"–•–æ—Ç–∏—Ç–µ –∂–∏—Ç—å –≤ —Å–∞–º–æ–º —Ü–µ–Ω—Ç—Ä–µ –≥–æ—Ä–æ–¥–∞ —Å –ø–æ—Ç—Ä—è—Å–∞—é—â–∏–º –≤–∏–¥–æ–º —Å –æ–∫–Ω–∞? –¢–æ–≥–¥–∞ –≤–∞–º –Ω—É–∂–Ω–∞ –Ω–∞—à–∞ –∫–≤–∞—Ä—Ç–∏—Ä–∞. –†–∞—Å–ø–æ–ª–æ–∂–µ–Ω–∞ –ø—Ä—è–º –∑–∞ –í–µ—Ñ–∞ —Ü–µ–Ω—Ç—Ä,—Ç—Ä–∞–Ω—Å–ø–æ—Ä—Ç –≤–æ –≤—Å–µ —Å—Ç–æ—Ä–æ–Ω—ã, ...",https://cdn.house.kg/house/images/a/6/c/a6cb12a767ebc5dae394082e6d3d6f25_240x180.jpg
/details/1346537613603fce6e0c7-58719668,"–î–æ–º, 6 –∏ –±–æ–ª–µ–µ –∫–æ–º–Ω–∞—Ç, 214 –º2",$ 170 000,"–°—Ä–æ—á–Ω–æ –ø—Ä–æ–¥–∞–µ—Ç—Å—è –¥–æ–º —Å –µ–≤—Ä–æ —Ä–µ–º–æ–Ω—Ç–æ–º   –ø–æ —Ç—Ä–∞—Å—Å–µ  –∏–¥–µ–∞–ª—å–Ω–æ –ø–æ–¥ –±–∏–∑–Ω–µ—Å (–¥–µ—Ç.—Å–∞–¥,—à–≤–µ–π–Ω.—Ü–µ—Ö,–æ—Ñ–∏—Å –∏ —Ç.–¥) –∫–æ–º–Ω–∞—Ç—ã –±–æ–ª—å—à–∏–µ –≤ –æ–±—â–µ–º 214–∫–≤.–º.,—É—á–∞—Å—Ç–æ–∫ 8—Å–æ—Ç–æ–∫ —É...",https://cdn.house.kg/house/images/a/e/f/aef35e8e38c19dafbdc4ddb67ecd974c_240x180.jpg
/details/949730961703ba248bfc6-11209403,"–î–æ–º, 4-–∫–æ–º–Ω., 72 –º2",$ 54 000,"–°—Ä–æ—á–Ω–æ –ø—Ä–æ–¥–∞–µ–º –¥–æ–º  –∫–∏—Ä–ø–∏—á–Ω—ã–π 72–∫–≤.–º.,  2 —Å–ø–∞–ª—å–Ω–∏,–∑–∞–ª,–∫—É—Ö–Ω—è –ø—Ä–∏—Ö–æ–∂–∞—è,—Å–∞–Ω.—É–∑–µ–ª  –∏ –¥—É—à–µ–≤–∞—è,—Ä–∞–∫–æ–≤–∏–Ω–∞,–∫–æ—Ç–µ–ª—å–Ω–∞—è –æ—Ç–¥–µ–ª—å–Ω–æ, –æ—Ç–æ–ø–ª–µ–Ω–∏–µ –ø–∞—Ä–æ–≤–æ–µ ,—É–≥–æ–ª—å –∏ —ç–ª–µ–∫—Ç...",https://cdn.house.kg/house/images/1/2/d/12d1f4a070f7d88784e7130d190b8ff8_240x180.jpg
/details/907978761e27ffcb82178-17265078,"–î–æ–º, 3-–∫–æ–º–Ω., 52 –º2",$ 29 000,"–°—Ä–æ—á–Ω–æ  –Ω–µ–¥–æ—Ä–æ–≥–æ –ø—Ä–æ–¥–∞–µ–º –∫–∏—Ä–ø–∏—á–Ω—ã–π –¥–æ–º  3 –∫–æ–º–Ω–∞—Ç—ã,—Å–∞–Ω.—É–∑–µ–ª, –¥–æ–º –Ω–æ–≤—ã–π,–¥–æ–±—Ä–æ—Ç–Ω—ã–π,–æ—Ç–æ–ø–ª–µ–Ω–∏–µ –ø–∞—Ä–æ–≤–æ–µ ,–æ–∫–Ω–∞ –ø–ª–∞—Å—Ç–∏–∫–æ–≤—ã–µ, —Å—Ç–µ–Ω—ã –ø–æ–¥ —è–π—Ü–æ, —É—á–∞—Å—Ç–æ–∫  2,7 —Å–æ—Ç–∫...",https://cdn.house.kg/house/images/8/a/e/8aed1aa9e6ae3065c92e11e6cf7d676c_240x180.jpg
/details/6934966194b42d7ccf77-73948156,"–î–æ–º, 3-–∫–æ–º–Ω., 36 –º2",$ 25 500,"–°—Ä–æ—á–Ω–æ –ø–æ–ª.–¥–æ–º–∞  2–∫–æ–º–Ω–∞—Ç—ã, –∫—É—Ö–Ω—è ,–æ—Ç–æ–ø–ª–µ–Ω–∏–µ –ø–∞—Ä–æ–≤–æ–µ –≥–∞–∑–æ–≤–æ–µ , –¥–æ–º —Ç—Ä–µ–±—É–µ—Ç —Ä–µ–º–æ–Ω—Ç–∞,–µ—Å—Ç—å –º–µ—Å—Ç–æ –ø–æ–¥ —Å—Ç—Ä–æ–∏—Ç–µ–ª—å—Å—Ç–≤–æ –Ω–æ–≤–æ–≥–æ –¥–æ–º–∞....",
/details/638238761eec06f3243d0-38625837,"3-–∫–æ–º–Ω. –∫–≤., 58 –º2, 4 —ç—Ç–∞–∂ –∏–∑ 5",$ 48 000,"–°—Ä–æ—á–Ω–æ –ø—Ä–æ–¥–∞–µ–º 3 –∫–æ–º–Ω–∞—Ç–Ω—É—é –∫–≤–∞—Ä—Ç–∏—Ä—É 104  —É–ª—É—á—à–µ–Ω–Ω–∞—è ,–≤ —Ö–æ—Ä–æ—à–µ–º —Å–æ—Å—Ç–æ—è–Ω–∏–∏,  4—ç—Ç–∞–∂ –∏–∑ 5,  –≤–æ–∑–º–æ–∂–Ω–æ —á–∞—Å—Ç–∏—á–Ω–æ –º–µ–±–µ–ª—å  —Å–∞–Ω —Ç–µ—Ö–Ω–∏–∫–∞,–±–∞—Ç–∞—Ä–µ–∏, —Ç—Ä—É–±—ã –≤—Å–µ –Ω–æ–≤–æ–µ...",https://cdn.house.kg/house/images/c/e/8/ce80a7266108945a434125b2757cdcfc_240x180.jpg
/details/467632861b7063211f504-00837270,"3-–∫–æ–º–Ω. –∫–≤., 102 –º2, 9 —ç—Ç–∞–∂ –∏–∑ 10",$ 53 500,"–°—Ä–æ—á–Ω–æ –ø—Ä–æ–¥–∞—ë—Ç—Å—è 3—Ö –∫–æ–º–Ω–∞—Ç–Ω–∞—è –∫–≤ 102–º2 –∂/–º –ö–æ–∫-–ñ–∞—Ä –æ—Ç –∫–∞—á–µ—Å—Ç–≤–µ–Ω–Ω–æ –∑–∞—Å—Ç—Ä–æ–π—â–∏–∫–∞ –ú—É–Ω–∞—Ä —Å—Ç—Ä–æ–π 
–ü–°–û —Ü–µ–Ω–∞ –Ω–∏–∂–µ –∑–∞—Å—Ç—Ä–æ–π—â–∏–∫–∞
–≠—Ç–∞–∂ 9/10
–î–æ–º –∫–∏—Ä–ø–∏—á–Ω—ã–π,–æ—Ç–¥–µ–ª–∫–∞ –∫...",https://cdn.house.kg/house/images/8/6/f/86f4a67a4fb62dfd043dd4629aeec00c_240x180.jpg
/details/753358761deb6e05e26c2-97956983,"4-–∫–æ–º–Ω. –∫–≤., 140 –º2, 6 —ç—Ç–∞–∂ –∏–∑ 14",$ 92 400,"–ü—Ä–æ–¥–∞—é—Ç—Å—è 1,2,3 –∏ 4–∫–æ–º–Ω–∞—Ç–Ω—ã–µ –∫–≤–∞—Ä—Ç–∏—Ä—ã –≤ 
–ñ–ö ""Verona Residence"" –°–∞–º–æ–µ –ª—É—á—à–µ–µ –º–µ—Å—Ç–æ—Ä–∞—Å–ø–æ–ª–æ–∂–µ–Ω–∏–µ –∫–æ–º–ø–ª–µ–∫—Å–∞ - –ø–µ—Ä–µ—Å–µ—á–µ–Ω–∏–µ —É–ª–∏—Ü –ú–µ–¥–µ—Ä–æ–≤–∞ –∏ –ú—É–∫–∞—è –≠–ª–µ–±–∞–µ–≤–∞.
...",https://cdn.house.kg/house/images/0/f/1/0f16ae58aa1f66103e61fbf2972e68a2_240x180.jpg
/details/168074661deb5bd1ae806-33342910,"3-–∫–æ–º–Ω. –∫–≤., 100 –º2, 5 —ç—Ç–∞–∂ –∏–∑ 14",$ 66 000,"–ü—Ä–æ–¥–∞—é—Ç—Å—è 1,2,3 –∏ 4–∫–æ–º–Ω–∞—Ç–Ω—ã–µ –∫–≤–∞—Ä—Ç–∏—Ä—ã –≤ 
–ñ–ö ""Verona Residence"" –°–∞–º–æ–µ –ª—É—á—à–µ–µ –º–µ—Å—Ç–æ—Ä–∞—Å–ø–æ–ª–æ–∂–µ–Ω–∏–µ –∫–æ–º–ø–ª–µ–∫—Å–∞ - –ø–µ—Ä–µ—Å–µ—á–µ–Ω–∏–µ —É–ª–∏—Ü –ú–µ–¥–µ—Ä–æ–≤–∞ –∏ –ú—É–∫–∞—è –≠–ª–µ–±–∞–µ–≤–∞.
...",https://cdn.house.kg/house/images/5/9/8/59824aacd0b1b105866b4aa2a6fdb27d_240x180.jpg
/details/844215061deb4f36329e6-93284885,"2-–∫–æ–º–Ω. –∫–≤., 85 –º2, 5 —ç—Ç–∞–∂ –∏–∑ 14",$ 56 100,"–ü—Ä–æ–¥–∞—é—Ç—Å—è 1,2,3 –∏ 4–∫–æ–º–Ω–∞—Ç–Ω—ã–µ –∫–≤–∞—Ä—Ç–∏—Ä—ã –≤ 
–ñ–ö ""Verona Residence"" –°–∞–º–æ–µ –ª—É—á—à–µ–µ –º–µ—Å—Ç–æ—Ä–∞—Å–ø–æ–ª–æ–∂–µ–Ω–∏–µ –∫–æ–º–ø–ª–µ–∫—Å–∞ - –ø–µ—Ä–µ—Å–µ—á–µ–Ω–∏–µ —É–ª–∏—Ü –ú–µ–¥–µ—Ä–æ–≤–∞ –∏ –ú—É–∫–∞—è –≠–ª–µ–±–∞–µ–≤–∞.
...",https://cdn.house.kg/house/images/0/5/1/051f701b1bbf51b26d270a4907e8fcd2_240x180.jpg
/details/686180361ec25396d1270-69488392,"3-–∫–æ–º–Ω. –∫–≤., 127 –º2, 11 —ç—Ç–∞–∂ –∏–∑ 11",$ 96 500,"–°—Ä–æ—á–Ω–æ –ü—Ä–æ–¥–∞–µ—Ç—Å—è 3—Ö –∫–æ–º–Ω–∞—Ç–Ω–∞—è —ç–ª–∏—Ç–Ω–∞—è –∫–≤–∞—Ä—Ç–∏—Ä–∞ –≤ 12 –º–∫/—Ä
–ö–≤–∞–¥—Ä–∞—Ç—É—Ä–∞ : 127 –º2
–†–µ–º–æ–Ω—Ç  —Å–≤–µ–∂–∏–π, —Ç–µ–ø–ª–∞—è –∏ —Å–≤–µ—Ç–ª–∞—è –∫–≤–∞—Ä—Ç–∏—Ä–∞ 2 —Å–∞–Ω —É–∑–ª–∞. –û–∫–Ω–∞ –ø–∞–Ω–æ—Ä–∞–º–Ω—ã–µ —Å...",https://cdn.house.kg/house/images/c/b/5/cb5bc6eff54a09b5a6be249c9374a231_240x180.jpg
/details/559589461dd745c02b468-76538010,"3-–∫–æ–º–Ω. –∫–≤., 118 –º2, 12 —ç—Ç–∞–∂ –∏–∑ 13",$ 79 000,"–ü—Ä–æ–¥–∞—é! –°—Ä–æ—á–Ω–æ!

3–∫. –ü–µ–Ω—Ç—Ö–∞—É—Å; 118–º2. 12 –∏ 13 —ç—Ç–∞–∂. 
–†–∞–π–æ–Ω –§–∏–ª–∞—Ä–º–æ–Ω–∏–∏. –ø—Ä –ú–∏—Ä–∞ / –ê–±–¥—ã–º–æ–º—É–Ω–æ–≤–∞. 
–ï—Å—Ç—å –æ—Ö—Ä–∞–Ω–∞. –¢–µ—Ä—Ä–∏—Ç–æ—Ä–∏—è –æ–≥–æ—Ä–æ–∂–µ–Ω–∞. 2 –ª–∏—Ñ—Ç–∞.

–°–¥–∞–Ω –≤ —ç–∫...",https://cdn.house.kg/house/images/5/9/e/59e7bdc23b4908e76bd9534b75aaec4b_240x180.jpg
/details/809005061dd7315d60069-68487695,"1-–∫–æ–º–Ω. –∫–≤., 45 –º2, 7 —ç—Ç–∞–∂ –∏–∑ 12",$ 16 000,"–ü–†–û–î–ê–Æ –∫–≤–∞—Ä—Ç–∏—Ä—É —Å –∫–æ—Ç–ª–æ–≤–∞–Ω–∞ —Ç–∞–∫ –∫–∞–∫ –Ω—É–∂–Ω—ã —Ñ–∏–Ω–∞–Ω—Å—ã.
–ó–∞—Å—Ç—Ä–æ–π—â–∏–∫ –ê–ª—å—Ñ–∞ –°—Ç—Ä–æ–π. –ñ–ö ""–ê—É—Ä–∞"". 

–≠–∫—Å–∫–ª—é–∑–∏–≤–Ω–æ–µ –ø—Ä–µ–¥–ª–æ–∂–µ–Ω–∏–µ!!!

14. 45–º2. 7 —ç—Ç–∞–∂ –∏–∑ 10. –ü–°–û.
–†–∞–π–æ...",https://cdn.house.kg/house/images/6/4/c/64c9dcb397eaf70139cc012ac2869bab_240x180.jpg
/details/567223261acf30102c150-90054727,"1-–∫–æ–º–Ω. –∫–≤., 43 –º2, 8 —ç—Ç–∞–∂ –∏–∑ 9",$ 28 500,"‚ÄºÔ∏è–°–†–û–ß–ù–û –ü–†–û–î–ê–Æ ‚ÄºÔ∏è
1-–£–Æ –ö–í–ê–†–¢–ò–†–£ 43 –ö–í.–ú –í–û–°–¢–û–ö-5
–ö–ò–ô–ò–ó–ë–ê–ï–í–ê 87
–ü–°–û
–î–æ–º –∫–∏—Ä–ø–∏—á–Ω—ã–π —Ç–µ–ø–ª—ã–π
–í—Å–µ –∫–æ–º–º—É–Ω–∏–∫–∞—Ü–∏–∏ —Ü–µ–Ω—Ç—Ä–∞–ª—å–Ω—ã–µ
–ö—Ä–∞—Å–Ω–∞—è –∫–Ω–∏–≥–∞
–û–∫–Ω–∞ –≤—ã—Ö–æ–¥—è—Ç –Ω–∞ –Æ–≥...",https://cdn.house.kg/house/images/4/3/2/4328ee38d02fda963e24bcf8702d54d9_240x180.jpg
/details/90132761b062458323c4-46467264,"3-–∫–æ–º–Ω. –∫–≤., 132 –º2, 8 —ç—Ç–∞–∂ –∏–∑ 13",$ 123 000,"–°—Ä–æ—á–Ω–æ –ë–ü! 3-–∫. 132–º2. 8 —ç—Ç–∞–∂. –ó–æ–ª –ö–≤–∞–¥—Ä. –ú–æ—Å–∫–æ–≤—Å–∫–∞—è/–û—Ä–æ–∑–±–µ–∫–æ–≤–∞. –ü–°–û. –ñ–ö ""–ò–º–ø–µ—Ä–∞—Ç–æ—Ä"". –æ—Ç –°–ö ""–ú–§ –õ–∞–π–Ω"". 123000$.

–°—Ä–æ—á–Ω–æ –ø—Ä–æ–¥–∞—é 3-–∫–æ–º–Ω–∞—Ç–Ω—É—é –∫–≤–∞—Ä—Ç–∏—Ä—É —Å ...",https://cdn.house.kg/house/images/4/0/0/40032b3bdf4313d980e17daa10d25d27_240x180.jpg
/details/607191461b0d765c436f7-83530144,"–ö–æ–º–º–µ—Ä—á–µ—Å–∫–∞—è –Ω–µ–¥–≤–∏–∂–∏–º–æ—Å—Ç—å, 142 –º2",$ 120 700,"–ü—Ä–æ–¥–∞—ë—Ç—Å—è –∫–æ–º–º–µ—Ä—á–µ—Å–∫–æ–µ –ø–æ–º–µ—â–µ–Ω–∏–µ –≤ —Ä–∞–π–æ–Ω–µ –¢–¶ –ê–ª–∞ –ê—Ä—á–∞ (–Ω–∞–ø—Ä–æ—Ç–∏–≤,–Ω–µ –ø–µ—Ä–≤–∞—è –ª–∏–Ω–∏—è)
–ü–°–û 257–º2
1 —ç—Ç–∞–∂ + —Ü–æ–∫–æ–ª—å —Å –¥–≤—É–º—è –æ—Ç–¥–µ–ª—å–Ω—ã–º–∏ –≤—Ö–æ–¥–∞–º–∏ (–º–æ–∂–Ω–æ —Å–æ–µ–¥–∏–Ω–∏—Ç—å...",https://cdn.house.kg/house/images/2/5/c/25c58e2aa9cbdc01e26a053af745a57f_240x180.jpg
/details/772757261b16ab4ea94f1-52669768,"1-–∫–æ–º–Ω. –∫–≤., 34 –º2, 3 —ç—Ç–∞–∂ –∏–∑ 12",$ 34 000,"–ü—Ä–æ–¥–∞—é –æ–¥–Ω–æ–∫–æ–º–Ω–∞—Ç–Ω—É—é –∫–≤–∞—Ä—Ç–∏—Ä—É –≤ –ñ–ö ""–Æ–∂–Ω—ã–π –ü–∞—Ä–∫"", –∑–∞—Å—Ç—Ä–æ–π—â–∏–∫ ""–≠–ª–∏—Ç –•–∞—É—Å"". –ü–ª–æ—â–∞–¥—å 34 –∫–≤, 3 —ç—Ç–∞–∂ –∏–∑ 12. –û–∫–Ω–∞ —Å–º–æ—Ç—Ä—è—Ç –Ω–∞ –±–æ—Ç.—Å–∞–¥. –û—Å—Ç–∞—ë—Ç—Å—è –≤—Å—è –º–µ–±–µ–ª—å.
–ò...",https://cdn.house.kg/house/images/8/5/4/85450be16ff0bca28c1cf8dee76255c7_240x180.jpg
/details/806589561a45720487016-82962428,"–£—á–∞—Å—Ç–æ–∫, 8 —Å–æ—Ç–æ–∫",$ 66 000,"–°—Ä–æ—á–Ω–æ –ü—Ä–æ–¥–∞—é –£—á–∞—Å—Ç–æ–∫ 8 —Å–æ—Ç–æ–∫ –∂/–º –ê–ª—Ç—ã–Ω-–û—Ä–¥–æ
–ö—Ä–∞—Å–Ω–∞—è –∫–Ω–∏–≥–∞ 
2 —É—á–∞—Å—Ç–∫–∞ –ø–æ 4 —Å–æ—Ç–∫–∏
–¶–µ–Ω–∞ 66000$
–û–±—Ä–∞—â–∞—Ç—å—Å—è –ø–æ —Ç–µ–ª–µ—Ñ–æ–Ω—É...",https://cdn.house.kg/house/images/d/b/f/dbfb97105a9f65152b9d6f5de1cbb8e0_240x180.jpg
/details/410998261b16c286dbe70-05935234,"–ö–æ–º–º–µ—Ä—á–µ—Å–∫–∞—è –Ω–µ–¥–≤–∏–∂–∏–º–æ—Å—Ç—å, 142 –º2",$ 78 100,"–ü—Ä–æ–¥–∞—ë—Ç—Å—è –∫–æ–º–º–µ—Ä—á–µ—Å–∫–æ–µ –ø–æ–º–µ—â–µ–Ω–∏–µ –≤ —Ä–∞–π–æ–Ω–µ –¢–¶ –ê–ª–∞ –ê—Ä—á–∞ (–Ω–∞–ø—Ä–æ—Ç–∏–≤,–Ω–µ –ø–µ—Ä–≤–∞—è –ª–∏–Ω–∏—è)
–ü–°–û 257–º2
1 —ç—Ç–∞–∂ + —Ü–æ–∫–æ–ª—å —Å –¥–≤—É–º—è –æ—Ç–¥–µ–ª—å–Ω—ã–º–∏ –≤—Ö–æ–¥–∞–º–∏ (–º–æ–∂–Ω–æ —Å–æ–µ–¥–∏–Ω–∏—Ç—å...",https://cdn.house.kg/house/images/a/d/f/adf643347ae2712cb5d00cbe767d5fa1_240x180.jpg
/details/823775960772fa300e1a0-51995147,"3-–∫–æ–º–Ω. –∫–≤., 109 –º2, 13 —ç—Ç–∞–∂ –∏–∑ 14",$ 89 380,"–ü—Ä–æ–¥–∞–µ—Ç—Å—è 3–∫–æ–º–Ω–∞—Ç–Ω–∞—è –∫–≤–∞—Ä—Ç–∏—Ä–∞ 109–º2 –≤ –ñ–∫ –ê—Ä–∏—Å—Ç–æ–∫—Ä–∞—Ç —Ä–∞—Å–ø–æ–ª–æ–∂–µ–Ω –Ω–∞ —É–ª –ú–æ—Å–∫–æ–≤—Å–∫–∞—è/–®–æ–ø–æ–∫–æ–≤–∞,—Ç–æ—Ç —Å–∞–º—ã–π ¬´–∑–æ–ª–æ—Ç–æ–π –∫–≤–∞–¥—Ä–∞—Ç¬ªüòç
–ù–∞ 13 —ç—Ç–∞–∂–µ –∏–∑ 14
–ù–∞–¥–µ–∂–Ω—ã–π –ó–∞—Å—Ç—Ä...",https://cdn.house.kg/house/images/3/2/0/320aa759ab9bc1eee4b75675318673a2_240x180.jpg
/details/900937561781aebb33532-69615700,"3-–∫–æ–º–Ω. –∫–≤., 95 –º2, 10 —ç—Ç–∞–∂ –∏–∑ 13",$ 50 500,"–°—Ä–æ—á–Ω–æ –ø—Ä–æ–¥–∞—é 3–∫–æ–º–Ω–∞—Ç–Ω—É—é –∫–≤–∞—Ä—Ç–∏—Ä—É –ø—Å–æ –ú–∞–≥–∏—Å—Ç—Ä–∞–ª—å/–¢—ã–Ω–∞–ª–∏–µ–≤–∞ 
–û–∫–Ω–∞ –≤—Å–µ –≤—ã—Ö–æ–¥—è—Ç –Ω–∞ –Æ–ì,–≤–∏–¥ –Ω–∞ –ì–æ—Ä—ã.
–ó–∞—Å—Ç—Ä–æ–π—â–∏–∫ –ö–∂-–ì—Ä—É–ø–ø 

–û–±—â–∞—è –ø–ª–æ—â–∞–¥—å 95–º2. –ö–≤–∞—Ä—Ç–∏—Ä–∞ –Ω–∞ ...",https://cdn.house.kg/house/images/b/e/2/be29674264decd7aae165c3363ea150e_240x180.jpg
/details/314376061536b3d7aac11-33089924,"2-–∫–æ–º–Ω. –∫–≤., 86 –º2, 6 —ç—Ç–∞–∂ –∏–∑ 9",$ 49 880,"–°—Ä–æ—á–Ω–æ –ø—Ä–æ–¥–∞—é 2-–∫–æ–º–Ω–∞—Ç–Ω—É—é –ü–†–û–°–¢–û–†–ù–£–Æ –∫–≤–∞—Ä—Ç–∏—Ä—É –ü–°–û 86–º2. 

–ü–ª–∞–Ω–∏—Ä–æ–≤–∫–∞ –ø—Ä–æ—Å—Ç–æ ‚Äì –ò–î–ï–ê–õ. –°–∫–≤–æ–∑–Ω–∞—è. –í–æ—Å—Ç–æ–∫-–ó–∞–ø–∞–¥.5,6 —ç—Ç/10.

–†–∞—Å–ø–æ–ª–æ–∂–µ–Ω –¥–æ–º –Ω–µ –¥–æ–µ–∑–∂–∞—è –¢—É–Ω–≥...",https://cdn.house.kg/house/images/4/7/f/47f8f38f1889f87161e6b754497e34dd_240x180.jpg
/details/82759960772e211d3b69-82940175,"1-–∫–æ–º–Ω. –∫–≤., 54 –º2, 13 —ç—Ç–∞–∂ –∏–∑ 14",$ 41 040,"–ü—Ä–æ–¥–∞–µ—Ç—Å—è 1 –∫–æ–º–Ω–∞—Ç–Ω–∞—è –∫–≤–∞—Ä—Ç–∏—Ä–∞ 54–º2 –≤ –ñ–∫ ¬´–Æ–∂–Ω—ã–π¬ª —Ä–∞—Å–ø–æ–ª–æ–∂–µ–Ω –ø–æ –ø—Ä–æ—Å–ø–µ–∫—Ç—É –ß. –ê–π—Ç–º–∞—Ç–æ–≤–∞ 100
–Ω–∞ 13 —ç—Ç–∞–∂–µ –±–ª–æ–∫ –í
–ñ–∫ ¬´–Æ–∂–Ω—ã–π¬ª —É–Ω–∏–∫–∞–ª—å–Ω—ã–π –∂–∏–ª–æ–π –∫–æ–º–ø–ª–µ–∫—Å –ø—Ä–µ–º...",https://cdn.house.kg/house/images/c/f/f/cffa5d5cb2dc384b19533786cbea3562_240x180.jpg
/details/746029061b1b538093541-00924957,"3-–∫–æ–º–Ω. –∫–≤., 103 –º2, 6 —ç—Ç–∞–∂ –∏–∑ 16",$ 81 370,–°—Ä–æ—á–Ω–æ –ü—Ä–æ–¥–∞—é 1 –∏ 3 –∫–æ–º–Ω–∞—Ç–Ω—ã–µ —ç–ª–∏—Ç–Ω—ã–µ –∫–≤–∞—Ä—Ç–∏—Ä—ã –ø–æ —É–ª–∏—Ü–µ –°—É—Ö—ç-–ë–∞—Ç–æ—Ä–∞/–ú–∞–≥–∏—Å—Ç—Ä–∞–ª—å –≤ –æ–¥–Ω–æ–º –∏–∑ —Å–∞–º—ã—Ö –ø—Ä–µ–º–∏–∞–ª—å–Ω—ã—Ö –∏ –ø–µ—Ä—Å–ø–µ–∫—Ç–∏–≤–Ω—ã—Ö —Ä–∞–π–æ–Ω–æ–≤ —é–∂–Ω–æ–π —á–∞—Å—Ç–∏ –≥–æ—Ä–æ–¥–∞...,https://cdn.house.kg/house/images/c/f/0/cf09e42cc37c666f389a62b7f0fb6027_240x180.jpg
/details/8385460faa773196b47-72820730,"–î–æ–º, 5-–∫–æ–º–Ω., 200 –º2",$ 145 000,"–°—Ä–æ—á–Ω–æ –ü—Ä–æ–¥–∞—é –¥–æ–±—Ä–æ—Ç–Ω—ã–∏ÃÜ –∫–∏—Ä–ø–∏—á–Ω—ã–∏ÃÜ –¥–æ–º, —Å —Ä–µ–º–æ–Ω—Ç–æ–º –ø–æ–¥ –∫–ª—é—á, —Å–æ –≤—Å–µ–º–∏ —É–¥–æ–±—Å—Ç–≤–∞–º–∏ –≤ —Å.–ö–æ–∫-–ñ–∞—Ä —Ä—è–¥–æ–º —Å –∂/–∫ ¬´–ê—á–µ–∫–µ–∏ÃÜ¬ª.

‚úîÔ∏è–¢–∏—Ö–∏–∏ÃÜ —Å–ø–∞–ª—å–Ω—ã–∏ÃÜ —Ä–∞–∏ÃÜ–æ–Ω, —Å–≤–µ–∂–∏...",https://cdn.house.kg/house/images/f/5/9/f5971bba4fd460b67227469f69186f47_240x180.jpg
/details/607653661ae5bcf779b85-89536121,"3-–∫–æ–º–Ω. –∫–≤., 94 –º2, 10 —ç—Ç–∞–∂ –∏–∑ 12",$ 63 000,"–°—Ä–æ—á–Ω–æ –ø—Ä–æ–¥–∞—é 3—Ö –∫–æ–º–Ω–∞—Ç–Ω—É—é –∫–≤ –ø–ª–æ—â–∞–¥—å 94–º2.
–≠—Ç–∞–∂ 10/12 —à–∏–∫–∞—Ä–Ω—ã–π –≤–∏–¥ –Ω–∞ –±–æ—Ç–∞–Ω–∏—á–µ—Å–∫–∏–π —Å–∞–¥ 
–ó–∞—Å—Ç—Ä–æ–π—â–∏–∫ –ü—Ä–æ–≥—Ä—É–ø–ø –ñ–ö Green land
–•–æ—Ä–æ—à–∞—è —Å–∫–≤–æ–∑–Ω–∞—è –ø–ª–∞–Ω–∏—Ä–æ–≤–∫–∞...",https://cdn.house.kg/house/images/7/a/0/7a0d4e8cb6b910e2a423ecc178c46472_240x180.jpg
/details/710932161ae5f8c838f97-12993573,"–î–æ–º, 6 –∏ –±–æ–ª–µ–µ –∫–æ–º–Ω–∞—Ç, 387 –º2",$ 541 800,"–ü—Ä–æ–¥–∞–µ—Ç—Å—è 3—Ö-—ç—Ç–∞–∂–Ω—ã–π –æ—Å–æ–±–Ω—è–∫ –≤ –ø—Ä–µ—Å—Ç–∏–∂–Ω–æ–º —Ä–∞–π–æ–Ω–µ –≥–æ—Ä–æ–¥–∞

–û–±—â–∞—è –ø–ª–æ—â–∞–¥—å –¥–æ–º–∞: 387–º2
–£—á–∞—Å—Ç–æ–∫: 8 —Å–æ—Ç–æ–∫ (–∫—Ä–∞—Å–Ω–∞—è –∫–Ω–∏–≥–∞)

–í –¥–æ–º–µ 8 –∂–∏–ª—ã—Ö –∫–æ–º–Ω–∞—Ç, –∏–∑ –Ω–∏—Ö: 
-...",https://cdn.house.kg/house/images/b/b/3/bb3904693cbc1220141838b1835c4ffb_240x180.jpg
/details/192841161121f988fb016-64617164,"3-–∫–æ–º–Ω. –∫–≤., 88 –º2, 6 —ç—Ç–∞–∂ –∏–∑ 9",$ 66 000,"–ü—Ä–æ–¥–∞—é 3–∫–æ–º–Ω–∞—Ç–Ω—ã–µ –∫–≤–∞—Ä—Ç–∏—Ä—ã 88–º2 –≤ –ñ–î ¬´Nova Grand¬ª —Ä–∞—Å–ø–æ–ª–æ–∂–µ–Ω –≤ —Ä–∞–π–æ–Ω–µ –ê–∑–∏—è –º–æ–ª–ª  –ø–æ –ø—Ä–æ—Å–ø–µ–∫—Ç—É –ß–∏–Ω–≥–∏–∑–∞ –ê–π—Ç–º–∞—Ç–æ–≤–∞ 
2 –∏ 6 —ç—Ç–∞–∂ –∏–∑ 10 
–ñ–∏–ª–æ–π –¥–æ–º –±–∏–∑–Ω–µ—Å –∫–ª...",https://cdn.house.kg/house/images/5/6/6/56645d051e281ecf119fc50c57d0e2c9_240x180.jpg
/details/36341976114afcc20e598-12291113,"3-–∫–æ–º–Ω. –∫–≤., 103 –º2, 7 —ç—Ç–∞–∂ –∏–∑ 16",$ 83 430,–ü—Ä–æ–¥–∞—é—Ç—Å—è 3–∫–æ–º–Ω–∞—Ç–Ω—ã–µ –∫–≤–∞—Ä—Ç–∏—Ä—ã 105–º2 –∏ 103–º2 –ø–æ —É–ª–∏—Ü–µ –°—É—Ö—ç-–ë–∞—Ç–æ—Ä–∞/–ú–∞–≥–∏—Å—Ç—Ä–∞–ª—å –≤ –æ–¥–Ω–æ–º –∏–∑ —Å–∞–º—ã—Ö –ø—Ä–µ–º–∏–∞–ª—å–Ω—ã—Ö –∏ –ø–µ—Ä—Å–ø–µ–∫—Ç–∏–≤–Ω—ã—Ö —Ä–∞–π–æ–Ω–æ–≤ —é–∂–Ω–æ–π —á–∞—Å—Ç–∏ –≥–æ—Ä–æ–¥–∞(–®–∫...,https://cdn.house.kg/house/images/9/6/6/966a918bcab4f7c88e1bf9dd7222fa65_240x180.jpg
/details/789178861eff543df8612-32905276,"–£—á–∞—Å—Ç–æ–∫, 6 —Å–æ—Ç–æ–∫",$ 4 800,"–ü—Ä–æ–¥–∞—é —É—á–∞—Å—Ç–æ–∫ –ø–æ–¥ –±–∏–∑–Ω–µ—Å, –ø–æ–¥ —Å—Ç–æ–∏—Ç–µ–ª—å—Å—Ç–≤–æ —Ç—É—Ä.–±–∏—Å–Ω–µ—Å–∞. 6 —Å–æ—Ç–æ–∫, —É—á–∞—Å—Ç–æ–∫ –Ω–∞—Ö–æ–¥–∏—Ç—Å—è –∑–∞ –∞—Ç—Ç—Ä–∞–∫—Ü–∏–æ–Ω–∞–º–∏, –æ—Ç –±–µ—Ä–µ–≥–∞ –Ω–µ –¥–æ–ª–µ–∫–æ....",https://cdn.house.kg/house/images/f/6/9/f69073b4e535e39ecce7e619e0e769de_240x180.jpg
/details/1036758618fa9e5427163-94728464,"3-–∫–æ–º–Ω. –∫–≤., 100 –º2, 10 —ç—Ç–∞–∂ –∏–∑ 12",$ 82 000,"üî•üî•üî•üî•üî•üî•üî•
*–°–†–û–ß–ù–û –ü–†–û–î–ê–Æ*
*3- –ö–û–ú. –ö–í, –ü–õ–û–©–ê–î–¨ 100–ú¬≤*
*–î–û–†–û–ì–û–ô –†–ï–ú–û–ù–¢*
*2 –†–ê–ó–î–ï–õ–¨–ù–´–• –°–ê–ù–£–ó–õ–ê*
*–ù–ò–ö–¢–û –ù–ï –ñ–ò–õ, –ù–ò–ö–¢–û –ù–ï –ñ–ò–í–Å–¢*
*12-–ú–ò–ö–†–û–†–ê–ô–û–ù*
*12/14-–≠–¢–ê–ñ...",https://cdn.house.kg/house/images/8/3/6/836971245cace2279932a44ba0b9e5b2_240x180.jpg
/details/911172861b9a32d006328-76516401,"–ö–æ–º–º–µ—Ä—á–µ—Å–∫–∞—è –Ω–µ–¥–≤–∏–∂–∏–º–æ—Å—Ç—å, 212 –º2",$ 150 000,"–°—Ä–æ—á–Ω–æ –ø—Ä–æ–¥–∞—é –∫–æ–º–º–µ—Ä—á–µ—Å–∫–æ–µ –ø–æ–º–µ—â–µ–Ω–∏–µ 
212 –º2 —Å —Ä–µ–º–æ–Ω—Ç–æ–º 
–£—á–∞—Å—Ç–æ–∫ –ø–æ –¥–æ–∫—É–º–µ–Ω—Ç–∞–º 3 —Å–æ—Ç–∫–∏ 
–ü–æ —Ñ–∞–∫—Ç—É 4 —Å–æ—Ç–∫–∏ 
–ö—Ä–∞—Å–Ω–∞—è –∫–Ω–∏–≥–∞ 
–í—Å–µ –∫–æ–º–º—É–Ω–∏–∫–∞—Ü–∏–∏ —Ü–µ–Ω—Ç—Ä–∞–ª—å–Ω—ã–µ ...",https://cdn.house.kg/house/images/7/b/7/7b7d33f36076226ff5da794bcab3387d_240x180.jpg
/details/5419360614c5d24c37ee5-43421551,"5-–∫–æ–º–Ω. –∫–≤., 170 –º2, 5 —ç—Ç–∞–∂ –∏–∑ 10",$ 149 000,"–°—Ä–æ—á–Ω–æ –ø—Ä–æ–¥–∞—é 5-–∫–æ–º–Ω–∞—Ç–Ω—É—é –∫–≤–∞—Ä—Ç–∏—Ä—É —Å –æ—Ç–ª–∏—á–Ω—ã–º, –¥–æ–±—Ä–æ—Ç–Ω—ã–º –ï–≤—Ä–æ-—Ä–µ–º–æ–Ω—Ç–æ–º + —Å –º–µ–±–µ–ª—å—é. 

170–º2. 2 —ç—Ç–∞–∂/10. –†–∞–π–æ–Ω –ú–∏—Ä–∞ / –ú–∞–≥–∏—Å—Ç—Ä–∞–ª—å. –ê–∫—É–Ω–æ–≤—Å–∫–∏–µ –¥–æ–º–∞. 
–û—Ç–æ...",https://cdn.house.kg/house/images/0/d/d/0ddd0cdf16157638bf68b37c33943708_240x180.jpg
/details/54882861a51b978707e4-29358236,"3-–∫–æ–º–Ω. –∫–≤., 102 –º2, 9 —ç—Ç–∞–∂ –∏–∑ 10",$ 53 500,"–°—Ä–æ—á–Ω–æ –ø—Ä–æ–¥–∞—ë—Ç—Å—è 3—Ö –∫–æ–º–Ω–∞—Ç–Ω–∞—è –∫–≤ 102–º2 –∂/–º –ö–æ–∫-–ñ–∞—Ä –æ—Ç –∫–∞—á–µ—Å—Ç–≤–µ–Ω–Ω–æ –∑–∞—Å—Ç—Ä–æ–π—â–∏–∫–∞ –ú—É–Ω–∞—Ä —Å—Ç—Ä–æ–π 
–ü–°–û —Ü–µ–Ω–∞ –Ω–∏–∂–µ –∑–∞—Å—Ç—Ä–æ–π—â–∏–∫–∞
–≠—Ç–∞–∂ 9/9 
–î–æ–º —Å–¥–∞–Ω, –º–æ–∂–Ω–æ –Ω–∞—á–∞...",https://cdn.house.kg/house/images/0/2/1/021a5530dcc2bc03ecf1bea87233ae3e_240x180.jpg
/details/929469261baf8e3565343-75201508,"3-–∫–æ–º–Ω. –∫–≤., 58 –º2, 4 —ç—Ç–∞–∂ –∏–∑ 4",$ 51 000,"3 –∫–æ–º –∫–≤ 104 —Å–µ—Ä–∏—è –ø–µ—Ä–µ–¥–µ–ª–∞–Ω–∞ –ø–æ–¥ –∏–Ω–¥–∏–≤–∏–¥—É–∞–ª—å–Ω—ã–π –ø—Ä–æ–µ–∫—Ç 
–î–≤–∞ —Å–∞–Ω —É–∑–ª–∞ 
–°–≤–µ–∂–∏–π –¥–æ—Ä–æ–≥–æ–π —Ä–µ–º–æ–Ω—Ç 
–î–µ–ª–∞–ª–∏ –æ—Ç –¥—É—à–∏ 
9 –º–∏–∫—Ä–æ—Ä–∞–π–æ–Ω –¥–æ–º 36–∞ 
–î–æ–Ω–µ—Ü–∫–∞—è/–ú–∞–ª–¥—ã–±–∞–µ–≤...",https://cdn.house.kg/house/images/6/3/e/63edab880f9b3e54a360e12c06fb41dd_240x180.jpg
/details/23119786142f5bff07e05-42481380,"3-–∫–æ–º–Ω. –∫–≤., 118 –º2, 10 —ç—Ç–∞–∂ –∏–∑ 11",$ 83 000,"–ü—Ä–æ–¥–∞—é! 3–∫. 118–º2. 10—ç—Ç/10. –†–µ–º–æ–Ω—Ç+–º–µ–±–µ–ª—å. –†–∞–∑–∑–∞–∫–æ–≤–∞/–õ–∏–Ω–µ–π–Ω–∞—è. 

–°—Ä–æ—á–Ω–æ –ø—Ä–æ–¥–∞—é 3-–∫. –∫–≤–∞—Ä—Ç–∏—Ä—É –≤ —ç–ª–∏—Ç–Ω–æ–º –¥–æ–º–µ –≤ —Ü–µ–Ω—Ç—Ä–µ –≥–æ—Ä–æ–¥–∞. 

–î–æ–º —Ä–∞—Å–ø–æ–ª–æ–∂–µ–Ω –Ω–∞ –†–∞–∑–∑–∞...",https://cdn.house.kg/house/images/9/a/3/9a3335f937b6cadb13d8eb60251ccb1e_240x180.jpg
/details/747961761b9a4fed7c864-86418396,"2-–∫–æ–º–Ω. –∫–≤., 70 –º2, 5 —ç—Ç–∞–∂ –∏–∑ 14",$ 35 000,"–ü–û  –í–´–ì–û–î–ù–û–ô –¶–ï–ù–ï: 

–ø—Ä–æ–¥–∞—é 70–º2 (1–∫ 53–º2 + 17–º2 —Ç–µ—Ä—Ä–∞—Å–∞). –∫–≤–∞—Ä—Ç–∏—Ä–∞ –ü–°–û,
–≤ –Ω–æ–≤–æ–º –∂–∏–ª–æ–º –∫–æ–º–ø–ª–µ–∫—Å–µ –ü–†–ï–ú–ò–£–ú –ö–õ–ê–°–°–ê. 

–†–∞—Å–ø–æ–ª–æ–∂–µ–Ω–∏–µ: –°–æ–≤–µ—Ç—Å–∫–∞—è / –ú–∞–≥–∏—Å—Ç—Ä–∞–ª...",https://cdn.house.kg/house/images/d/2/1/d219a3ab8a12e50d98116955dbb53dde_240x180.jpg
/details/660245961bdfc37297441-68444905,"3-–∫–æ–º–Ω. –∫–≤., 60 –º2, 5 —ç—Ç–∞–∂ –∏–∑ 5",$ 50 500,"–°—Ä–æ—á–Ω–æ –ø—Ä–æ–¥–∞—é 3 –∫–æ–º –∫–≤ 104 —Å–µ—Ä–∏–∏ –≤ —Ö–æ—Ä–æ—à–µ–º —Å–æ—Å—Ç–æ—è–Ω–∏–∏, –Ω–µ—É–≥–ª–æ–≤–∞—è, –æ–∫–Ω–∞ –≤—ã—Ö–æ–¥—è—Ç –Ω–∞ —Å–µ–≤–µ—Ä –∏ —é–≥, 5 —ç—Ç–∞–∂ –∏–∑ 5, –∫—Ä—ã—à–∞ –Ω–µ —Ç–µ—á–µ—Ç –Ω–µ—Ç –ø—Ä–æ–±–ª–µ–º, —É–ª.–ì–æ–≥–æ–ª—è - –ú–æ—Å–∫...",https://cdn.house.kg/house/images/9/3/e/93e2ef07d1d21ce7d20133b65049d682_240x180.jpg
/details/711522761bdda7e488507-17560658,"1-–∫–æ–º–Ω. –∫–≤., 44 –º2, 9 —ç—Ç–∞–∂ –∏–∑ 10",$ 28 700,"–ü—Ä–æ–¥–∞—é —Å—Ä–æ—á–Ω–æ 1-–∫–æ–º–Ω–∞—Ç–Ω—É—é –∫–≤–∞—Ä—Ç–∏—Ä —Å  —Ö–æ—Ä–æ—à–µ–π –ø–ª–∞–Ω–∏—Ä–æ–≤–∫–æ–π –≤ —Ü–µ–Ω—Ç—Ä–µ, –≤ —Ä–∞–π–æ–Ω–µ –§–∏–ª–∞—Ä–º–æ–Ω–∏–∏. 

–ê–¥—Ä–µ—Å: –ö. –ê–∫–∏–µ–≤–∞ / –§—Ä—É–Ω–∑–µ. –í —à–∞–≥–æ–≤–æ–π –¥–æ—Å—Ç—É–ø–Ω–æ—Å—Ç–∏ –∫–∏–Ω–æ—Ç–µ–∞—Ç—Ä ""...",https://cdn.house.kg/house/images/8/5/f/85f3ec8eed02a9a0ef08a1d00dad95cd_240x180.jpg
/details/131971861bb02a8c5c904-23724082,"2-–∫–æ–º–Ω. –∫–≤., 79 –º2, 13 —ç—Ç–∞–∂ –∏–∑ 14",$ 56 800,"–ü—Ä–æ–¥–∞—é –ø—Ä–µ–º–∏—É–º –∫–ª–∞—Å—Å –ø–æ —Ü–µ–Ω–µ ‚Äì –∫–æ–º—Ñ–æ—Ä—Ç –∫–ª–∞—Å—Å–∞! –ë–µ–∑ –ø–æ—Å—Ä–µ–¥–Ω–∏–∫–æ–≤!

–ü—Ä–æ–¥–∞—é 2-–∫. –∫–≤–∞—Ä—Ç–∏—Ä—É 79–º2 –≤ —ç–∫–æ–ª–æ–≥–∏—á–µ—Å–∫–∏ —á–∏—Å—Ç–æ–º, –≠–õ–ò–¢–ù–û–ú —Ä–∞–π–æ–Ω–µ, –ø–æ –ø—Ä. –ú–∏—Ä–∞ –≤—ã—à–µ –Æ. ...",https://cdn.house.kg/house/images/a/a/3/aa3d6f3bcdbb8716e1efef3c53231b79_240x180.jpg
/details/6215263613740e22ab433-81051073,"–ö–æ–º–º–µ—Ä—á–µ—Å–∫–∞—è –Ω–µ–¥–≤–∏–∂–∏–º–æ—Å—Ç—å, 870 –º2",$ 365 400,"–°—Ä–æ—á–Ω–æ –ü—Ä–æ–¥–∞—é –¶–æ–∫–æ–ª—å–Ω–æ–µ –ö–æ–º–º–µ—Ä—á–µ—Å–∫–æ–µ –ø–æ–º–µ—â–µ–Ω–∏–µ –ü–°–û
–¢–∏–º–∏—Ä—è–∑–µ–≤–∞ 97/–†—ã—Å–∫—É–ª–æ–≤–∞
–û–±—â–∞—è –ø–ª–æ—â–∞–¥—å 870 –º2 
–î–≤–∞ –æ—Ç–¥–µ–ª—å–Ω—ã—Ö –≤—Ö–æ–¥–∞
–ó–∞—Å—Ç—Ä–æ–π—â–∏–∫ –û—Ä–≥—Ç–µ—Ö—Å—Ç—Ä–æ–π
–í—Å–µ —Ü–µ–Ω—Ç—Ä–∞...",https://cdn.house.kg/house/images/f/a/3/fa3129093dd8f95ab5d068ee08030707_240x180.jpg
/details/903494561535f096c21f0-37075940,"3-–∫–æ–º–Ω. –∫–≤., 99 –º2, 6 —ç—Ç–∞–∂ –∏–∑ 10",$ 62 370,"–°—Ä–æ—á–Ω–æ –ü—Ä–æ–¥–∞—é 3–∫–æ–º–Ω–∞—Ç–Ω—É—é –∫–≤–∞—Ä—Ç–∏—Ä—É –ù–æ–≤—ã–π –¥–æ–º –≤ —Ü–µ–Ω—Ç—Ä–µ  –§—Ä—É–Ω–∑–µ/–ö.–ê–∫–∏–µ–≤–∞
–ü–ª–æ—â–∞–¥—å 99–ú2 (–ü–°–û —Å–¥–∞–¥—É—Ç —á–µ—Ä–µ–∑ –º–µ—Å—è—Ü)
–≠—Ç–∞–∂ 6/10
–ñ–∏–ª–æ–π –ö–æ–º–ø–ª–µ–∫—Å ¬´–ú—É—Ä–∞—Å¬ª 
–ù–∞–¥–µ–∂–Ω—ã–π...",https://cdn.house.kg/house/images/4/3/f/43f1b25efaf0717c23ad928545f65742_240x180.jpg
/details/93618476114b067013118-83442788,"1-–∫–æ–º–Ω. –∫–≤., 48 –º2, 8 —ç—Ç–∞–∂ –∏–∑ 16",$ 39 360,–ü—Ä–æ–¥–∞–µ—Ç—Å—è 1–∫–æ–º–Ω–∞—Ç–Ω–∞—è —ç–ª–∏—Ç–Ω–∞—è –∫–≤–∞—Ä—Ç–∏—Ä–∞ 48–º2 –ø–æ —É–ª–∏—Ü–µ –°—É—Ö—ç-–ë–∞—Ç–æ—Ä–∞/–ú–∞–≥–∏—Å—Ç—Ä–∞–ª—å –≤ –æ–¥–Ω–æ–º –∏–∑ —Å–∞–º—ã—Ö –ø—Ä–µ–º–∏–∞–ª—å–Ω—ã—Ö –∏ –ø–µ—Ä—Å–ø–µ–∫—Ç–∏–≤–Ω—ã—Ö —Ä–∞–π–æ–Ω–æ–≤ —é–∂–Ω–æ–π —á–∞—Å—Ç–∏ –≥–æ—Ä–æ–¥–∞(–®–∫–æ...,https://cdn.house.kg/house/images/6/b/2/6b24c45bf19c1865921c4ec70cdd9439_240x180.jpg
/details/4798784613ef4dc769b59-29541673,"2-–∫–æ–º–Ω. –∫–≤., 75 –º2, 4 —ç—Ç–∞–∂ –∏–∑ 14",$ 60 750,"–ü—Ä–æ–¥–∞–µ—Ç—Å—è 2–∫–æ–º–Ω–∞—Ç–Ω–∞—è –∫–≤–∞—Ä—Ç–∏—Ä–∞ 75–º2 –ø–æ —É–ª.–°–æ–≤–µ—Ç—Å–∫–∞—è/–ú–∞–≥–∏—Å—Ç—Ä–∞–ª—å 
–ñ–∫ ""Art Square""  
–ó–∞—Å—Ç—Ä–æ–π—â–∏–∫ Artwin Construction
–ê—Ä—Ç –°–∫–≤–µ—Ä - —ç—Ç–æ –∂–∏–ª–æ–π –∫–æ–º–ø–ª–µ–∫—Å –ø—Ä–µ–º–∏—É–º...",https://cdn.house.kg/house/images/b/2/3/b232701e314925c6adad73f7ab24bdcc_240x180.jpg
/details/31870046138808e41bdb8-95138804,"3-–∫–æ–º–Ω. –∫–≤., 131 –º2, 7 —ç—Ç–∞–∂ –∏–∑ 14",$ 98 250,"–ü—Ä–æ–¥–∞—é 3-–∫–æ–º–Ω–∞—Ç–Ω—É—é –∫–≤–∞—Ä—Ç–∏—Ä—É –ü–°–û 131–º2 –Ω–∞ 7 —ç—Ç–∞–∂–µ –∏–∑ 10

–ñ–ö –±–∏–∑–Ω–µ—Å –∫–ª–∞—Å—Å–∞  ""–ê–≤–∞–Ω–≥–∞—Ä–¥ –°–∏—Ç–∏"" –æ—Ç –°–ö ""–ê–≤–∞–Ω–≥–∞—Ä–¥ –°—Ç–∏–ª—å"". 

–°–¥–∞—á–∞ –Ω–∞ —Ä–µ–º–æ–Ω—Ç 2 –∫–≤–∞—Ä—Ç–∞–ª 2022 –≥. ...",https://cdn.house.kg/house/images/7/4/3/74320a0ecb85a28ee1a130fde8d5b181_240x180.jpg
/details/515633361ae6b486b8422-59459163,"4-–∫–æ–º–Ω. –∫–≤., 125 –º2, 6 —ç—Ç–∞–∂ –∏–∑ 12",$ 74 000,"–°–†–û–ß–ù–û –ü–†–û–î–ê–Æ 4-—É—é –∫–≤–∞—Ä—Ç–∏—Ä—É –≤ –ö–æ–∫-–î–∂–∞—Ä–µ 125 –∫–≤.–º –ñ–ö ""–≠—Ä–≥–µ—à –ê—Ç–∞"" 
–ü–°–û
–ú–æ–ª–¥–æ–∫—É–ª–æ–≤–∞ –Ω–µ–¥–∞–ª–µ–∫–æ –æ—Ç –ê–ª–º–∞—Ç–∏–Ω–∫–∏
–û—Ç–æ–ø–ª–µ–Ω–∏–µ (–≥–∞–∑–æ–≤–∞—è –∫–æ—Ç–µ–ª—å–Ω–∞—è —Å–≤–æ—è)
–†—è–¥–æ–º –≤—Å–µ –∫–æ...",https://cdn.house.kg/house/images/3/9/d/39deced2d83f407b5bcd6a8768bdcd39_240x180.jpg
/details/246047661b0c254a39810-24527008,"3-–∫–æ–º–Ω. –∫–≤., 110 –º2, 8 —ç—Ç–∞–∂ –∏–∑ 10",$ 97 000,"‚ÄºÔ∏è –û–ß–ï–ù–¨ –°–†–û–ß–ù–û –ü–†–û–î–ê–Æ 3-—É—é —ç–ª–∏—Ç–Ω—É—é –∫–≤–∞—Ä—Ç–∏—Ä—É‚ÄºÔ∏è –ö–∏—Ä–≥–∏–∑–∏—è-1 –¶–∞—Ä—Å–∫–æ–µ —Å–µ–ª–æ 110 –ö–í –º 
‚ùó–ü–ª–æ—â–∞–¥—å: 110 –∫–≤–∞–¥—Ä–∞—Ç–æ–≤
‚ùó–≠—Ç–∞–∂ 8/10
–ü–∞–Ω–æ—Ä–∞–º–Ω—ã–µ –æ–∫–Ω–∞, –≤–∏–¥—ã –∏ –ª–∏—Ñ—Ç. 
‚ùó–í—Å...",https://cdn.house.kg/house/images/4/e/0/4e0ec834fce89069a94a8f201c0e7acc_240x180.jpg
