/details/752967261efd656c8f420-98439538,"1-–∫–æ–º–Ω. –∫–≤., 45 –º2, 2 —ç—Ç–∞–∂ –∏–∑ 9",$ 32 000,"O–ß–ï–ù–¨ –°–†–û–ß–ù–û –ü–†–û–î–ê–Æ
1–∫–æ–º.–∫–≤–∞—Ä—Ç–∏—Ä—É –≤ 43 –º2.
–ú–∏–∫—Ä–æ—Ä–∞–π–æ–Ω –ö–æ–∫-–ñ–∞—Ä, 38

105 —Å–µ—Ä–∏–∏, –Ω–µ —É–≥–ª–æ–≤–∞—è 2/9 —ç—Ç.
–°–æ—Å—Ç–æ—è–Ω–∏–µ –æ—Ç–ª–∏—á–Ω–æ–µ.
–û—Å—Ç–∞—ë—Ç—Å—è –≤—Å—ë!
0709622667...",https://cdn.house.kg/house/images/8/4/c/84cc70ed93b3272db2db9bf326350396_240x180.jpg
/details/657355661e8e9a79534c1-44750908,"3-–∫–æ–º–Ω. –∫–≤., 144 –º2, 12 —ç—Ç–∞–∂ –∏–∑ 13",$ 105 000,—Å—Ä–æ—á–Ω–æ –ø—Ä–æ–¥–∞—é –≤ —Å–∞–º–æ–º —Ü–µ–Ω—Ç—Ä–µ 3—Ö –∫–æ–º–Ω–∞—Ç–Ω—É—é –∫–≤–∞—Ä—Ç–∏—Ä—É –ü–°–û. –û–±—â–∞—è –ø–ª–æ—â–∞–¥—å 144–º2. 12—ç—Ç–∞–∂ –∏–∑ 13. –ó–æ–ª–æ—Ç–æ–π –∫–≤–∞–¥—Ä–∞—Ç. –¢–µ—Ö –ø–∞—Å–ø–æ—Ä—Ç –Ω–∞ —Ä—É–∫–∞—Ö. 730$ –∑–∞ –º2. –û—á–µ–Ω—å —Å—Ä...,https://cdn.house.kg/house/images/9/2/9/929a88b7ab16cb471f7a8f63b165facd_240x180.jpg
/details/487145161dbbc227a0de3-37958751,"–î–æ–º, 6 –∏ –±–æ–ª–µ–µ –∫–æ–º–Ω–∞—Ç, 400 –º2",$ 57 000,"–°—Ä–æ—á–Ω–æ! –¢–æ—Ä–≥ –≤–æ–∑–º–æ–∂–µ–Ω! 
—Å. –ü—Ä–æ—Ö–ª–∞–¥–Ω–æ–µ , –≤–≤–µ—Ä—Ö –ø–æ –ê–ª–º–∞-–ê—Ç–∏–Ω—Å–∫–æ–π. 
–£—á–∞—Å—Ç–æ–∫ 15 —Å–æ—Ç. –ö—Ä–∞—Å–Ω–∞—è –∫–Ω–∏–≥–∞! 
–û—Ç–ª–∏—á–Ω–æ –ø–æ–¥ –≥–æ—Å—Ç–µ–≤–æ–π/ –¥–æ–º –æ—Ç–¥—ã—Ö–∞!...",https://cdn.house.kg/house/images/8/a/6/8a63ec0a58186ccb46e4e0c2da0422e6_240x180.jpg
/details/84561236121150b487814-63564877,"3-–∫–æ–º–Ω. –∫–≤., 80 –º2, 13 —ç—Ç–∞–∂ –∏–∑ 14",$ 85 000,"-–ù–æ–≤—ã–π –¥–æ–º
-–°–≤–µ–∂–∏–π —Ä–µ–º–æ–Ω—Ç
-–¶–µ–Ω—Ç—Ä–∞–ª—å–Ω–æ–µ –æ—Ç–æ–ø–ª–µ–Ω–∏–µ
-–¶–µ–Ω—Ç—Ä–∞–ª—å–Ω–æ–µ –≥–∞–∑–æ—Å–Ω–∞–±–∂–µ–Ω–∏–µ
-2 —Å–ø–∞–ª—å–Ω–∏
-–¢—É–∞–ª–µ—Ç –∏ –≤–∞–Ω–Ω–∞—è –æ—Ç–¥–µ–ª—å–Ω–æ
-–ö—É—Ö–Ω—è —Å –≥–æ—Å—Ç–∏–Ω–æ–π —Å—Ç—É–¥–∏—è
-–ö–ª–∞–¥...",https://cdn.house.kg/house/images/e/f/9/ef997c1215b7af230c09a04e4769db4b_240x180.jpg
/details/678575761eba9d96e97c7-20514723,"1-–∫–æ–º–Ω. –∫–≤., 48 –º2, 6 —ç—Ç–∞–∂ –∏–∑ 10",$ 42 000,"–°—Ä–æ—á–Ω–æ –ü—Ä–æ–¥–∞—é 1–∫ –∫–≤–∞—Ä—Ç–∏—Ä—É!
üü¢ –ü–ª–æ—â–∞–¥—å 48–º2
üü¢ –ó–∞—Å—Ç—Ä–æ–π—â–∏–∫ –ù–ë–ö
üü¢ –ö–≤–∞—Ä—Ç–∏—Ä–∞ –ø–æ—Å–ª–µ —Ä–µ–º–æ–Ω—Ç–∞
üü¢ –ö–æ–º–º—É–Ω–∏–∫–∞—Ü–∏–∏ –≤—Å–µ —Ü–µ–Ω—Ç—Ä–∞–ª—å–Ω—ã–µ 
üü¢ –ê–¥—Ä–µ—Å —Å—Ä–µ–¥–Ω–∏–π –î–∂–∞–ª
üü¢ –î–æ–º –∫–∏—Ä–ø–∏—á–Ω...",https://cdn.house.kg/house/images/6/d/6/6d6cb7d37f00a2ce640d25439d527239_240x180.jpg
/details/292853261ead5bf1f0304-62585411,"1-–∫–æ–º–Ω. –∫–≤., 44 –º2, 13 —ç—Ç–∞–∂ –∏–∑ 14",$ 29 350,"–ø—Ä–æ–¥–∞–µ—Ç—Å—è —à–∏–∫–∞—Ä–Ω–∞—è  1-–∫–æ–º–Ω–∞—Ç–Ω–∞—è –∫–≤–∞—Ä—Ç–∏—Ä–∞ –≤ —ç–ª–∏—Ç–Ω–æ–º –¥–æ–º–µ –ø—Ä–µ–º–∏—É–º –∫–ª–∞—Å—Å–∞ –ñ–ö DELUXE –æ—Ç –∫–æ–º–ø–∞–Ω–∏–∏ –ò–•–õ–ê–°.
–¥–æ–º 14 —ç—Ç–∞–∂–Ω—ã–π. –í–µ—Å—å —Ñ–∞—Å–∞–¥ –≤—ã–ø–æ–ª–Ω–µ–Ω –∏–∑ –Ω–∞—Ç—É—Ä–∞–ª—å–Ω–æ–≥...",https://cdn.house.kg/house/images/e/5/3/e53b546f888cfe64b3d2b63eb245b405_240x180.jpg
/details/672507961a4ba54247322-07666785,"–ö–æ–º–º–µ—Ä—á–µ—Å–∫–∞—è –Ω–µ–¥–≤–∏–∂–∏–º–æ—Å—Ç—å, 3000 –º2",$ 840 000,"–ü—Ä–æ–¥–∞—é —Å—Ç—Ä–æ—è—â–µ–µ—Å—è –∑–¥–∞–Ω–∏–µ –≤ —Ü–µ–Ω—Ç—Ä–µ –≥. –ß–æ–ª–ø–æ–Ω-–ê—Ç–∞. –ù–∞–∑–Ω–∞—á–µ–Ω–∏–µ - –≥–æ—Å—Ç–∏–Ω–∏—á–Ω—ã–π –∫–æ–º–ø–ª–µ–∫—Å. –ü–ª–æ—â–∞–¥—å—é 3000 –∫–≤.–º. –£—á–∞—Å—Ç–æ–∫ - 40 —Å–æ—Ç–æ–∫. –¶–µ–Ω—Ç—Ä–∞–ª—å–Ω–∞—è –∫–∞–Ω–∞–ª–∏–∑–∞—Ü–∏—è, –≤...",https://cdn.house.kg/house/images/f/b/4/fb4f791733a265faafa957958c2b8705_240x180.jpg
/details/99344561cd796aeab012-91628533,"3-–∫–æ–º–Ω. –∫–≤., 104.7 –º2, 2 —ç—Ç–∞–∂ –∏–∑ 10",$ 42 000,"–ü—Ä–æ–¥–∞—é—Ç—Å—è –¢–†–ò 3-—Ö –∫–æ–º–Ω–∞—Ç–Ω—ã–µ –∫–≤–∞—Ä—Ç–∏—Ä—ã –≤ –ñ–ö ""–ê–ö –ù–ò–ï–¢"" —Å—Ç—Ä–æ–π–∫–æ–º–ø–∞–Ω–∏–∏ ""–ö–£–¢"".
–≠—Ç–∞–∂–∏: 2-–π, 7-–π –∏ 9-–π.
–ê–¥—Ä–µ—Å: –ê–ª–º–∞—Ç–∏–Ω–∫–∞/–ì–æ—Ä—å–∫–æ–≥–æ
–ö–≤–∞–¥—Ä–∞—Ç—É—Ä–∞: 104.7 –º2
–û–±—ä–µ–∫—Ç ...",https://cdn.house.kg/house/images/6/5/0/6500ee2fd75423f2312ee235c7456ba7_240x180.jpg
/details/47139061e6c69c7cc4c0-61643028,"–î–æ–º, 4-–∫–æ–º–Ω., 70 –º2",$ 78 000,"–ü—Ä–æ–¥–∞–µ—Ç—Å—è –î–æ–º –≤ —Ä–∞–π–æ–Ω–µ –≥–æ—Å—Ä–µ–≥–∏—Å—Ç—Ä–∞. 
–ò–º–µ–µ—Ç—Å—è –≤—Å–µ —É—Å–ª–æ–≤–∏—è. 
–î–æ–º: 70 –∫–≤.–º 4 –∫–æ–º–Ω–∞—Ç—ã. 
–∏–º–µ–µ—Ç—Å—è –º–∞–ª–µ–Ω—å–∫–∞—è —Ö–æ–∑–ø–æ—Å—Ç—Ä–æ–π–∫–∞.
—É—á–∞—Å—Ç–æ–∫ 4 —Å–æ—Ç—ã—Ö.
–ü—Ä–æ–¥–∞–µ–º –±–µ–∑ –ø–æ—Å—Ä–µ...",https://cdn.house.kg/house/images/e/a/6/ea66f612a10eea201e1908aac761b1c0_240x180.jpg
/details/852042661da9cc4c21805-02850874,"–ö–æ–º–º–µ—Ä—á–µ—Å–∫–∞—è –Ω–µ–¥–≤–∏–∂–∏–º–æ—Å—Ç—å, 600 –º2",$ 300 000,"–ê–≥—Ä–æ—Ç—É—Ä–∏—Å—Ç–∏—á–µ—Å–∫–∞—è —Ñ–µ—Ä–º–∞ ""–ö—ã–∑—ã–ª-–¢–∞—à"" —Ä–∞—Å–ø–æ–ª–æ–∂–µ–Ω–∞ –≤ –∂–∏–≤–æ–ø–∏—Å–Ω–æ–º –º–µ—Å—Ç–µ –º–µ–∂–¥—É –¥–µ—Ä–µ–≤–Ω—è–º–∏ –ñ–∞—Ä–∫—ã–Ω–±–∞–µ–≤–æ –∏ –û—Ä—É–∫—Ç—É, –Ω–∞ —Å–µ–≤–µ—Ä–Ω–æ–º –ø–æ–±–µ—Ä–µ–∂—å–µ –æ–∑–µ—Ä–∞ –ò—Å—Å—ã–∫-–ö—É–ª—å. –≠—Ç–æ –º...",https://cdn.house.kg/house/images/7/4/c/74c1f3d9431a4bf14531374a5e385570_240x180.jpg
/details/805121061cabc0f694f98-39685130,"4-–∫–æ–º–Ω. –∫–≤., 121 –º2, 6 —ç—Ç–∞–∂ –∏–∑ 19",$ 119 500,"–°—Ä–æ—á–Ω–æ –ø—Ä–æ–¥–∞—é 4–∫. –ö–≤–∞—Ä—Ç–∏—Ä—É 121,1 –∫–≤.–º –≤ –ü–°–û. –°–ö. –ë–∞–π-–¢–∞—à. –í –ó–æ–ª–æ—Ç–æ–º –∫–≤–∞–¥—Ä–∞—Ç–µ —É–ª.–¢–æ–∫—Ç–æ–≥—É–ª–∞- –ò—Å–∞–Ω–æ–≤–∞, –≤—Å–µ –∫–æ–º–º—É–Ω–∏–∫–∞—Ü–∏–∏ —Ü–µ–Ω—Ç—Ä–∞–ª—å–Ω—ã–µ, –æ—Ç–æ–ø–ª–µ–Ω–∏—è ,–≥–∞–∑, –∫–∞–Ω–∞...",https://cdn.house.kg/house/images/9/e/6/9e688df6df7644585e27683e6416c048_240x180.jpg
/details/506227361e58461246a16-16836286,"3-–∫–æ–º–Ω. –∫–≤., 127 –º2, 7 —ç—Ç–∞–∂ –∏–∑ 8",$ 165 100,"–ü—Ä–æ–¥–∞—é —Ç—Ä—ë—Ö–∫–æ–º–Ω–∞—Ç–Ω—É—é –∫–≤–∞—Ä—Ç–∏—Ä—É –ø—Å–æ –ø—Ä–µ–º—É–∏—É–º –∫–ª–∞—Å—Å–∞ –≤ –∂–∏–ª–æ–º –∫–æ–º–ø–ª–µ–∫—Å–µ Central Park, –∑–∞—Å—Ç—Ä–æ–π—â–∏–∫ Act Building
- –ü–ª–æ—â–∞–¥—å 127–º¬≤, —ç—Ç–∞–∂ 7 –∏–∑ 9
- –†–∞–π–æ–Ω –¢–†–¶ –ê...",https://cdn.house.kg/house/images/7/c/9/7c95db5cc8f196fd883101680eb6120f_240x180.jpg
/details/669369061eec4571fed89-62315043,"1-–∫–æ–º–Ω. –∫–≤., 40 –º2, 6 —ç—Ç–∞–∂ –∏–∑ 12",$ 27 000,"–ü—Ä–æ–¥–∞–µ–º –∫–≤–∞—Ä—Ç–∏—Ä—É –≤ –ñ–ö Green Park. Ihlas. 
6 —ç—Ç–∞–∂, 40 –∫–≤., –≤—Å–µ –æ–∫–Ω–∞ —Å–º–æ—Ç—Ä—è—Ç –Ω–∞ —é–≥....",https://cdn.house.kg/house/images/a/8/a/a8a18e63dda49c9eb4a3e1dc118e5968_240x180.jpg
/details/1537904615582f535af80-48850333,"–î–æ–º, 5-–∫–æ–º–Ω., 140 –º2",$ 120 000,"–ü—Ä–æ–¥–∞—ë—Ç—Å—è –¥–æ–º –≤ —Ä–∞–π–æ–Ω–µ –ß–∞–ø–∞–µ–≤–∞/–ì–∞–≥–∞—Ä–∏–Ω–∞. 
–£—á–∞—Å—Ç–æ–∫ - 7 —Å–æ—Ç–æ–∫ (–¥–æ–º - 140 –∫–≤.–º.) 
–û—Ç–æ–ø–ª–µ–Ω–∏–µ - –≥–∞–∑–æ–≤–æ–µ, —ç–ª–µ–∫—Ç—Ä–∏—á–µ—Å–∫–æ–µ, —Ç–≤.—Ç–æ–ø–ª–∏–≤–æ
–ö–∞–Ω–∞–ª–∏–∑–∞—Ü–∏—è - —Ü–µ–Ω—Ç—Ä–∞–ª—å–Ω–∞...",https://cdn.house.kg/house/images/c/1/3/c13f02d3df21e7db9ed80f34b97d6fdd_240x180.jpg
/details/70592606162acdb397a58-71424973,"–ö–æ–º–º–µ—Ä—á–µ—Å–∫–∞—è –Ω–µ–¥–≤–∏–∂–∏–º–æ—Å—Ç—å, 85 –º2",$ 85 000,"–ü—Ä–æ–¥–∞—é –ø–æ–º–µ—â–µ–Ω–∏–µ 84–º –ø–æ –Æ–∂–Ω–æ–π –ú–∞–≥–∏—Å—Ç—Ä–∞–ª–∏ –ø–µ—Ä–≤–∞—è –ª–∏–Ω–∏—è, —Å –æ—Ç–¥–µ–ª—å–Ω—ã–º –≤—Ö–æ–¥–æ–º, –ø–µ—Ä–≤—ã–π —ç—Ç–∞–∂. 
0500 333 222

""–ñ—É—Å—É–ø –ë–∞–ª–∞—Å–∞–≥—ã–Ω"" - —ç—Ç–æ 13 —ç—Ç–∞–∂–Ω—ã–π –∫–∏—Ä–ø–∏—á–Ω–æ-...",https://cdn.house.kg/house/images/9/3/e/93e269b196299774a1524f89fd94ea8e_240x180.jpg
/details/94326666162a9ccc7fc02-10282914,"2-–∫–æ–º–Ω. –∫–≤., 65 –º2, 5 —ç—Ç–∞–∂ –∏–∑ 9",$ 27 300,–ü—Ä–æ–¥–∞—é 2–∫ –∫–≤–∞—Ä—Ç–∏—Ä—É 65–º2 5 —ç—Ç–∞–∂....,https://cdn.house.kg/house/images/4/d/e/4deabbede6e9ec70bb515d201f1ee9a5_240x180.jpg
/details/30193261ee4fa425f1b7-93801970,"1-–∫–æ–º–Ω. –∫–≤., 45 –º2, 2 —ç—Ç–∞–∂ –∏–∑ 9",$ 32 000,"O–ß–ï–ù–¨ –°–†–û–ß–ù–û –ü–†–û–î–ê–Æ
1–∫–æ–º.–∫–≤–∞—Ä—Ç–∏—Ä—É –≤ 43 –º2.
–ú–∏–∫—Ä–æ—Ä–∞–π–æ–Ω –ö–æ–∫-–ñ–∞—Ä, 38

105 —Å–µ—Ä–∏–∏, –Ω–µ —É–≥–ª–æ–≤–∞—è 2/9 —ç—Ç.
–°–æ—Å—Ç–æ—è–Ω–∏–µ –æ—Ç–ª–∏—á–Ω–æ–µ.
–û—Å—Ç–∞—ë—Ç—Å—è –≤—Å—ë!
0709622667...",https://cdn.house.kg/house/images/d/d/a/dda2d917024960770aec2e10c2c901cc_240x180.jpg
/details/243375661ed1ca0c35dd1-88890502,"1-–∫–æ–º–Ω. –∫–≤., 44 –º2, 8 —ç—Ç–∞–∂ –∏–∑ 9",$ 22 000,"üÜò–°–†–û–ß–ù–û –ü–†–û–î–ê–Å–¢–°–Ø 1-–∫–æ–º–Ω–∞—Ç–Ω–∞—è –∫–≤–∞—Ä—Ç–∏—Ä–∞üÜò

‚ùóÔ∏è–ü—Ä–æ–¥–∞—ë—Ç—Å—è –æ–¥–Ω–æ–∫–æ–º–Ω–∞—Ç–Ω–∞—è –∫–≤–∞—Ä—Ç–∏—Ä–∞ –≤ –∂–∏–ª–æ–º –¥–æ–º–µ ¬´–ö–µ—Ä–µ–º–µ—Ç¬ª, S=44 –∫–≤–∞–¥—Ä–∞—Ç–∞, 106-—è —É–ª—É—á—à–µ–Ω–Ω–∞—è —Å–µ—Ä–∏—è, —ç—Ç–∞–∂ 8/9...",https://cdn.house.kg/house/images/f/4/b/f4b032d80c28652357b7a874c00d3770_240x180.jpg
/details/3675859618a86451f21d6-97763446,"2-–∫–æ–º–Ω. –∫–≤., 59.6 –º2, 3 —ç—Ç–∞–∂ –∏–∑ 10",$ 33 000,,https://cdn.house.kg/house/images/1/a/4/1a4863df783eba8ff08a9cbbdae9a1fc_240x180.jpg
/details/330839861eaa7406f31d2-40189755,"–î–æ–º, 5-–∫–æ–º–Ω., 250 –º2",$ 35 000,"–ü—Ä–æ–¥–∞—é –¥–æ–º —Å–æ –≤—Å–µ–º–∏ —É—Å–ª–æ–≤–∏—è–º–∏ –ë–∏—à–∫–µ–∫ –ø–∞–Ω–∞—Ä–∞–º–∞ —Å–æ—Ç—Ç–∏–∫ 5 (250–º2) —Ç—Ä—ë—Ö —É—Ä–æ–≤–µ–Ω–Ω—ã–π –¥–æ–º–∞ 2 —ç—Ç–∞–∂–∞.
–î–æ–º –ø–æ–ª–Ω–æ—Å—Ç—å—é —Ä–µ–º–æ–Ω—Ç–∏—Ä–æ–≤–∞–ª–∏ –ø–æ–¥ —Å–µ–±—è.
–ò–º–µ–µ—Ç—Å—è –ø–∞—Ä–∫–æ–≤–∫–∞....",https://cdn.house.kg/house/images/0/0/7/007c5add37f486e4dcf20b1afcbe1c00_240x180.jpg
/details/348663561ea9070155074-10992289,"4-–∫–æ–º–Ω. –∫–≤., 140 –º2, 4 —ç—Ç–∞–∂ –∏–∑ 14",$ 83 300,"–°—Ä–æ—á–Ω–∞—è –ø—Ä–æ–¥–∞–∂–∞! 4—Ö –∫–æ–º–Ω–∞—Ç–Ω–∞—è –∫–≤–∞—Ä—Ç–∏—Ä–∞ (—Å—Ç—É–¥–∏—è) –ø—Ä–µ–º–∏—É–º –∫–ª–∞—Å—Å–∞ –≤ —Ü–µ–Ω—Ç—Ä–µ –≥–æ—Ä–æ–¥–∞ (–≠–ª–µ–±–∞–µ–≤–∞ 2), 140–º2, –ø–æ —Ü–µ–Ω–µ 595$/–º2 ‚Äì 83300 $ (—Ü–µ–Ω–∞ —Å –∫–æ—Ç–ª–æ–≤–∞–Ω–∞ –ø–æ 100...",https://cdn.house.kg/house/images/4/e/6/4e64d22f152b70344bffefea81a2146c_240x180.jpg
/details/507138561d951ccd93a18-59954330,"–ö–æ–º–º–µ—Ä—á–µ—Å–∫–∞—è –Ω–µ–¥–≤–∏–∂–∏–º–æ—Å—Ç—å, 200 –º2",$ 200 000,"—Å –≥–æ—Å—Ç–∏–Ω–∏—Ü–µ–π –æ—Å—Ç–∞–µ—Ç—Å—è –≤—Å–µ –æ–±–æ—Ä—É–¥–æ–≤–∞–Ω–∏–µ, –º–µ–±–µ–ª—å, –ø–æ—Å—É–¥–∞, –ø–æ—Å—Ç–µ–ª—å–Ω—ã–µ –ø—Ä–∏–Ω–∞–¥–ª–µ–∂–Ω–æ—Å—Ç–∏ –∏ –º–Ω–æ–≥–æ –≤—Å–µ–≥–æ –¥–æ–ø–æ–ª–Ω–∏—Ç–µ–ª—å–Ω–æ–≥–æ –¥–ª—è —Ä–∞–±–æ—Ç—ã - ""–∑–∞—Ö–æ–¥–∏ –∏ —Ä–∞–±–æ—Ç–∞–π –±–µ–∑ –≤–ª–æ...",https://cdn.house.kg/house/images/1/f/c/1fc29569351be8d58b1185521408acf2_240x180.jpg
/details/1874272616cfbe7bdbd45-04900594,"–î–æ–º, 4-–∫–æ–º–Ω., 133 –º2",$ 128 000,–ü—Ä–æ–¥–∞–µ—Ç—Å—è –±–ª–∞–≥–æ—É—Å—Ç—Ä–æ–µ–Ω–Ω—ã–π –∫–∞—á–µ—Å—Ç–≤–µ–Ω–Ω—ã–π —á–∞—Å—Ç–Ω—ã–π –¥–æ–º –Ω–µ–º–µ—Ü–∫–æ–π –ø–æ—Å—Ç—Ä–æ–π–∫–∏ –≤ –æ–¥–Ω–æ–º –∏–∑ —ç–ª–∏—Ç–Ω—ã—Ö —Ä–∞–π–æ–Ω–æ–≤ –ë–∏—à–∫–µ–∫–∞. –ö–∏—Ä–ø–∏—á–Ω—ã–π. 2 —ç—Ç–∞–∂–∞. 3 –≤–∏–¥–∞ –æ—Ç–æ–ø–ª–µ–Ω–∏—è (—Ü–µ–Ω—Ç—Ä–∞...,https://cdn.house.kg/house/images/6/3/1/631d54d773d7b55c7e5fc55c75de670d_240x180.jpg
/details/6490867619b424b067e55-69709858,"–î–æ–º, 5-–∫–æ–º–Ω., 180 –º2",$ 180 000,"–ü—Ä–æ–¥–∞–µ—Ç—Å—è –¥–æ–º.
–ü–æ –≤—Å–µ–º –≤–æ–ø—Ä–æ—Å–∞–º –ø—Ä–æ—Å—å–±–∞ –æ–±—Ä–∞—â–∞—Ç—å—Å—è —Ç–æ–ª—å–∫–æ –ø–æ —É–∫–∞–∑–∞–Ω–Ω–æ–º—É —Ç–µ–ª–µ—Ñ–æ–Ω—É. –¢–µ–º–∞ –ø–æ–¥–Ω–∏–º–∞–µ—Ç—Å—è –∞–≤—Ç–æ–º–∞—Ç–∏—á–µ—Å–∫–∏.
–ó–∞–ø—Ä–∞—à–∏–≤–∞–µ–º–∞—è —Ü–µ–Ω–∞ 180 —Ç.–¥–æ–ª.
–î–æ–º...",https://cdn.house.kg/house/images/4/f/1/4f1b8ef5c313624bd02a9e2ce515409d_240x180.jpg
/details/160587461d44e38516857-20965337,"3-–∫–æ–º–Ω. –∫–≤., 80 –º2, 2 —ç—Ç–∞–∂ –∏–∑ 5",$ 73 000,"–ü—Ä–æ–¥—é –æ—á–µ–Ω—å —É—é—Ç–Ω—É—é 3—Ö –∫. –∫–≤–∞—Ä—Ç–∏—Ä—É –≤ –ù–∏–∂–Ω–µ–º –î–∂–∞–ª–µ. –ò–Ω–¥–∏–≤–∏–¥—É–∞–ª—å–Ω–∞—è –ø–ª–∞–Ω–∏—Ä–æ–≤–∫–∞. 2-–æ–π —ç—Ç–∞–∂. –ó–∞–ª - 24–º2. –ö—É—Ö–Ω—è - 12 –º2. –î–≤–µ –∑–∞—Å—Ç–µ–∫–ª–µ–Ω–Ω—ã–Ω –ª–æ–¥–∂–∏–∏ 12,50–º2, –≤—Ç...",https://cdn.house.kg/house/images/3/5/0/350ee6542274ec86cb4c69650029cfe9_240x180.jpg
/details/84098460e074ea5d3212-80290672,"–î–æ–º, 3-–∫–æ–º–Ω., 75 –º2",$ 26 000,"–ü—Ä–æ–¥–∞—é –ø–æ–ª–¥–æ–º–∞, —É–ª–∏—Ü–∞ –ö–∏—Ä–≥–∏–∑—Å–∫–∞—è 304, –¥–æ–º —Å—Ç–æ–∏—Ç —É –¥–æ—Ä–æ–≥–∏, —Ö–æ—Ä–æ—à–æ –¥–ª—è –ª—é–±–æ–≥–æ –±–∏–∑–Ω–µ—Å–∞, —Ä—è–¥–æ–º  –°–¢–û, —Ç—Ä–∏ –º–∞–≥–∞–∑–∏–Ω–∞, —á–∞—Å—Ç–Ω—ã–π –¥–µ—Ç—Å–∫–∏–π —Å–∞–¥–∏–∫. –° —Ç—Ä–∞–Ω—Å–ø–æ—Ä—Ç–æ–º –ø—Ä...",https://cdn.house.kg/house/images/2/1/d/21d1880efa782ff2901ae24c834a3c35_240x180.jpg
/details/381246761ea2d8d1a3200-48059804,"3-–∫–æ–º–Ω. –∫–≤., 95 –º2, 9 —ç—Ç–∞–∂ –∏–∑ 9",$ 86 500,"–°—Ä–æ—á–Ω–æ –ø—Ä–æ–¥–∞—é 3—Ö –∫–æ–º–Ω–∞—Ç–Ω—É—é –∫–≤–∞—Ä—Ç–∏—Ä—É

–ê–¥—Ä–µ—Å: –≥.–ë–∏—à–∫–µ–∫ –ú–∞–Ω–∞—Å–∞//–î–∂–∞–º–∞–Ω–±–∞–µ–≤–∞
–°–ö: –ê–ª—Ç—ã–Ω –ö—É—Ä—É–ª—É—à
–ì–æ–¥: 2019 –≥. 
–û–±—â–∞—è –ø–ª–æ—â–∞–¥—å 95 –º2
–°–µ—Ä–∏—è: –≠–ª–∏—Ç–∫–∞
–¢–∏–ø –¥–æ–º–∞: –∫...",https://cdn.house.kg/house/images/5/b/7/5b7e101d09fbfe9931de31c175ecf44d_240x180.jpg
/details/415904361ea25d8c6bd55-00192274,"2-–∫–æ–º–Ω. –∫–≤., 70 –º2, 4 —ç—Ç–∞–∂ –∏–∑ 9",$ 72 000,"–ü—Ä–æ–¥–∞–µ—Ç—Å—è 2-—Ö –∫–æ–º–Ω–∞—Ç–Ω–∞—è –∫–≤–∞—Ä—Ç–∏—Ä–∞, 4 –º–∫—Ä.

–ê–¥—Ä–µ—Å: 4 –º–∫—Ä.
–ö–æ–ª–∏—á–µ—Å—Ç–≤–æ –∫–æ–º–Ω–∞—Ç: 2
–≠—Ç–∞–∂: 4 –∏–∑ 9
–°–µ—Ä–∏—è: —ç–ª–∏—Ç–∫–∞
–ó–∞—Å—Ç—Ä–æ–π—â–∏–∫: –°–ö ""–î–µ–≤–µ–ª–æ–ø–º–µ–Ω—Ç""
–¢–∏–ø —Å—Ç—Ä–æ–µ–Ω–∏—è: –∫–∏—Ä...",https://cdn.house.kg/house/images/d/4/6/d46b73eba8315d51c672252918612305_240x180.jpg
/details/858801861ea1d6aa301e3-81602212,"1-–∫–æ–º–Ω. –∫–≤., 35 –º2, 3 —ç—Ç–∞–∂ –∏–∑ 9",$ 34 500,"–ü—Ä–æ–¥–∞—ë—Ç—Å—è 1—Ö –∫–æ–º.–∫–≤.
–†–∞–π–æ–Ω: 8–º–∫—Ä
–û–±—â–∞—è –ø–ª–æ—â–∞–¥—å: 35 –∫–≤.–º.
–°–µ—Ä–∏—è: 105
–≠—Ç–∞–∂: 3 –∏–∑ 9
–ö–≤–∞—Ä—Ç–∏—Ä–∞: –Ω–µ —É–≥–ª–æ–≤–∞—è
–ö–æ–º–º—É–Ω–∏–∫–∞—Ü–∏–∏: —Ü–µ–Ω—Ç—Ä–∞–ª—å–Ω—ã–µ
–î–æ–∫—É–º–µ–Ω—Ç—ã: —Ç–µ—Ö–ø–∞—Å–ø–æ—Ä—Ç
...",https://cdn.house.kg/house/images/f/9/a/f9a835ee0062446e33d9cbacc999095a_240x180.jpg
/details/590880161ea1ab1bc64a3-66024430,"4-–∫–æ–º–Ω. –∫–≤., 80 –º2, 9 —ç—Ç–∞–∂ –∏–∑ 9",$ 69 500,"–°—Ä–æ—á–Ω–æ –ø—Ä–æ–¥–∞—é 4—Ö –∫–æ–º–Ω–∞—Ç–Ω—É—é —Å—Ç—É–¥–∏–π–Ω—É—é –∫–≤–∞—Ä—Ç–∏—Ä—É

–ê–¥—Ä–µ—Å: –≥.–ë–∏—à–∫–µ–∫ –ß—É–π//–ò–±—Ä–∞–∏–º–æ–≤–∞  
–û–±—â–∞—è –ø–ª–æ—â–∞–¥—å 80 –º2
–°–µ—Ä–∏—è: –ò–Ω–¥–∏–≤–∏–¥—É–∞–ª—å–Ω–∞—è –ø–ª–∞–Ω–∏—Ä–æ–≤–∫–∞ 
–¢–∏–ø –¥–æ–º–∞: –ü–∞–Ω–µ–ª—å...",https://cdn.house.kg/house/images/9/2/0/9204e4f99dbc9f72236f1eb00c514b47_240x180.jpg
/details/255878661e8f1b0dd4006-69426664,"5-–∫–æ–º–Ω. –∫–≤., 150 –º2, 8 —ç—Ç–∞–∂ –∏–∑ 9",$ 125 000,"–ü—Ä–æ–¥–∞–º 5-—Ç–∏ –∫–æ–º–Ω–∞—Ç–Ω—É—é –∫–≤–∞—Ä—Ç–∏—Ä—É 
–ê–¥—Ä–µ—Å:  –≥.–ë–∏—à–∫–µ–∫ –ò—Å–∞–Ω–æ–≤–∞// –ê–±–¥—É–º–∞–º—É–Ω–æ–≤–∞!!!
–ó–∞—Å—Ç—Ä–æ–π—â–∏–∫: –î–∏ - –¶–µ–Ω—Ç—Ä"" –ö–ª—É–±–Ω—ã–π –î–æ–º""
–ì–æ–¥ –ø–æ—Å—Ç—Ä–æ–π–∫–∏: 2015
–û–±—â–∞—è –ø–ª–æ—â–∞–¥—å:...",https://cdn.house.kg/house/images/f/3/5/f350b1eb9dff30e1c81fa37375987a8e_240x180.jpg
/details/204643961e8eb98eea185-51930905,"5-–∫–æ–º–Ω. –∫–≤., 124 –º2, 1 —ç—Ç–∞–∂ –∏–∑ 9",$ 82 000,"–ü—Ä–æ–¥–∞–∂–∞: 5-—Ç–∏ –∫–æ–º–Ω–∞—Ç–Ω—É—é –∫–≤–∞—Ä—Ç–∏—Ä—É + —Å—É—à–∏–ª–∫–∞ !!!
–ê–¥—Ä–µ—Å: –ë–∏—à–∫–µ–∫, 12 –º–∫—Ä - –Ω ,–ø–æ —É–ª.–ù—É—Ä–∫–∞–º–∞–ª 

–°–µ—Ä–∏—è: 106 
 –¢–∏–ø —Å—Ç—Ä–æ–µ–Ω–∏–µ: –ø–∞–Ω–µ–ª—å–Ω—ã–π
–≠—Ç–∞–∂: 1 —ç—Ç–∞–∂ –∏–∑ 9
–û–±—â–∞...",https://cdn.house.kg/house/images/0/c/a/0ca3c3a2e4b1c6a504a23912c61b30db_240x180.jpg
/details/773415161e8cc4ea268c8-87501633,"2-–∫–æ–º–Ω. –∫–≤., 48 –º2, 1 —ç—Ç–∞–∂ –∏–∑ 2",$ 38 000,"–°—Ä–æ—á–Ω–æ –ø—Ä–æ–¥–∞—é 2—Ö –∫–æ–º–Ω–∞—Ç–Ω—É—é –∫–≤–∞—Ä—Ç–∏—Ä—É

–ê–¥—Ä–µ—Å: –≥.–ë–∏—à–∫–µ–∫ –ß—É–π//–ê–ª–º–∞—Ç–∏–Ω–∫–∞   
–û–±—â–∞—è –ø–ª–æ—â–∞–¥—å 48 –º2
–°–µ—Ä–∏—è: —Å—Ç–∞–ª–∏–Ω–∫–∞ 
–¢–∏–ø –¥–æ–º–∞: –∫–∏—Ä–ø–∏—á 
–≠—Ç–∞–∂: 1 –∏–∑ 2
–ö–æ–º–º—É–Ω–∏–∫–∞—Ü–∏...",https://cdn.house.kg/house/images/0/a/d/0ad67997b973ab9ddd8bba6b34f2f8c9_240x180.jpg
/details/228892961e7de09ea91e2-57146616,"4-–∫–æ–º–Ω. –∫–≤., 200 –º2, 4 —ç—Ç–∞–∂ –∏–∑ 6",$ 150 000,"–ü—Ä–æ–¥–∞–µ—Ç—Å—è 4-—Ö –∫–æ–º–Ω–∞—Ç–Ω–∞—è –∫–≤–∞—Ä—Ç–∏—Ä–∞ –≤ –ó–æ–ª–æ—Ç–æ–º –∫–≤–∞–¥—Ä–∞—Ç–µ, –ø–ª–æ—â–∞–¥—å –∫–≤–∞—Ä—Ç–∏—Ä—ã  166–º2 –ø–æ –¥–æ–∫—É–º–µ–Ω—Ç–∞–º, –ø–æ —Ñ–∞–∫—Ç—É –≤–º–µ—Å—Ç–µ —Å –ª–æ–¥–∂–∏—è–º–∏ 200–º2. 
–ö–≤–∞—Ä—Ç–∏—Ä–∞ 4—Ö –∫–æ–º–Ω–∞—Ç–Ω–∞—è ...",https://cdn.house.kg/house/images/9/7/7/9772f0f47a5b212254353b06dd9b5b79_240x180.jpg
/details/521232461e799acd37756-74313593,"5-–∫–æ–º–Ω. –∫–≤., 165 –º2, 9 —ç—Ç–∞–∂ –∏–∑ 10",$ 140 000,"–ü—Ä–æ–¥–∞—é 5 –∫–æ–º–Ω–∞—Ç–Ω—É—é –∫–≤–∞—Ä—Ç–∏—Ä—É –≤ –ê—Å–∞–Ω–±–∞–µ 
–ö–æ–ª–∏—á–µ—Å—Ç–≤–æ –∫–æ–º–Ω–∞—Ç:  5
–ê–¥—Ä–µ—Å: –ø–∞—Ä–∫ –ê—Å–∞–Ω–±–∞–π  
–ó–∞—Å—Ç—Ä–æ–π—â–∏–∫ –°–ö ¬´–û–ª–∏–º–ø –°—Ç—Ä–æ–π¬ª
–ì–æ–¥ –ø–æ—Å—Ç—Ä–æ–π–∫–∏ 2017
–°–µ—Ä–∏—è: —ç–ª–∏—Ç
–≠—Ç–∞–∂:  9...",https://cdn.house.kg/house/images/8/1/b/81bb2e671f0de245fb77b261d6899e6a_240x180.jpg
/details/169398661ee90d419bcb4-97552505,"1-–∫–æ–º–Ω. –∫–≤., 35 –º2, 2 —ç—Ç–∞–∂ –∏–∑ 5",$ 32 500,"–ü—Ä–æ–¥–∞—ë—Ç—Å—è 1-–∫ –∫–≤–∞—Ä—Ç–∏—Ä–∞ –≤ 8 –º–∫—Ä.

–ê–¥—Ä–µ—Å: 8 –º–∫—Ä, –î–æ–Ω–µ—Ü–∫–∞—è/ –°–æ–≤–µ—Ç—Å–∫–∞—è
–û–±—â–∞—è –ø–ª–æ—â–∞–¥—å: 35–º2
–°–µ—Ä–∏—è: 105
–≠—Ç–∞–∂: 2/5
–ö–æ–º–º—É–Ω–∏–∫–∞—Ü–∏–∏: —Ü–µ–Ω—Ç—Ä–∞–ª—å–Ω—ã–µ
–°–æ—Å—Ç–æ—è–Ω–∏–µ: —Å—Ä–µ–¥–Ω...",https://cdn.house.kg/house/images/8/4/b/84b0a0bcbfdcd20f7563b34be4968863_240x180.jpg
/details/606293961ee825578f1e0-95311020,"2-–∫–æ–º–Ω. –∫–≤., 65 –º2, 2 —ç—Ç–∞–∂ –∏–∑ 10",$ 80 500,"–ü—Ä–æ–¥–∞—ë—Ç—Å—è  NEW 2-—Ö –∫–æ–º–Ω–∞—Ç–Ω–∞—è –∫–≤–∞—Ä—Ç–∏—Ä–∞ –≠–ª–∏—Ç–∫–∞ —Å—Ç—É–¥–∏—è!!!
–ê–¥—Ä–µ—Å:  –≥.–ë–∏—à–∫–µ–∫ , –ø–æ –°—É—Ö—ç –ë–∞—Ç–æ—Ä–∞ // –Æ–∂.–ú–∞–≥–∏—Å—Ç—Ä–∞–ª—å!!!

–ó–∞—Å—Ç—Ä–æ–π—â–∏–∫: Elite House –ñ–ö –ò—Ç–∞–ª—å—è–Ω—Å–∫–∏–π –∫...",https://cdn.house.kg/house/images/2/9/6/296206b62b2184051e3300322575a0c7_240x180.jpg
/details/369419561ee2fb606c100-25424619,"3-–∫–æ–º–Ω. –∫–≤., 56 –º2, 4 —ç—Ç–∞–∂ –∏–∑ 5",$ 43 000,"–ü—Ä–æ–¥–∞–∂–∞: 3—Ö-–∫–æ–º–Ω. –∫–≤., 56 –º2

–ê–¥—Ä–µ—Å: –ë–∏—à–∫–µ–∫,–¢–†–¶ –í–æ–µ–Ω—Ç–æ—Ä–≥ –ø–æ —É–ª –ö–∏–µ–≤—Å–∫–æ–π-–õ–æ–≥–≤–∏–Ω–µ–Ω–∫–æ
–¶–µ–Ω–∞: $44500
–°–µ—Ä–∏—è: –∏–Ω–¥–∏–≤–∏–¥—É–∞–ª—å–Ω—ã–π –ø—Ä–æ–µ–∫—Ç
–î–æ–º: –∫–∏—Ä–ø–∏—á–Ω—ã–π, 1970...",https://cdn.house.kg/house/images/6/b/b/6bb1b77266744eb86fab9cf871e6cc75_240x180.jpg
/details/345008361ee2b86361a16-90503445,"3-–∫–æ–º–Ω. –∫–≤., 80 –º2, 3 —ç—Ç–∞–∂ –∏–∑ 9",$ 66 500,"–°—Ä–æ—á–Ω–æ –ø—Ä–æ–¥–∞—é 3—Ö –∫–æ–º–Ω–∞—Ç–Ω—É—é –∫–≤–∞—Ä—Ç–∏—Ä—É  –≤ —Ü–µ–Ω—Ç—Ä–µ 

–ê–¥—Ä–µ—Å: –≥.–ë–∏—à–∫–µ–∫ –ö—É–ª–∞—Ç–æ–≤–∞/–≠–ª–µ–±–∞–µ–≤–∞ (–Æ–≥-2)   
–°–ö: ¬´–ë–∏—à–∫–µ–∫ –ö—É—Ä—É–ª—É—à¬ª
–ì–æ–¥: 2017 
–û–±—â–∞—è –ø–ª–æ—â–∞–¥—å 80 –º2
...",https://cdn.house.kg/house/images/8/4/8/848090ee1e07a0afc9b25c5803c799e5_240x180.jpg
/details/877164161ee27fd49c738-87032958,"3-–∫–æ–º–Ω. –∫–≤., 64 –º2, 7 —ç—Ç–∞–∂ –∏–∑ 9",$ 68 500,"–°—Ä–æ—á–Ω–æ –ø—Ä–æ–¥–∞—é 3—Ö –∫–æ–º–Ω–∞—Ç–Ω—É—é –∫–≤–∞—Ä—Ç–∏—Ä—É  

–ê–¥—Ä–µ—Å: –≥.–ë–∏—à–∫–µ–∫ –í–æ—Å—Ç–æ–∫ 5   
–û–±—â–∞—è –ø–ª–æ—â–∞–¥—å 64 –º2
–°–µ—Ä–∏—è: 106 
–¢–∏–ø –¥–æ–º–∞: –ü–∞–Ω–µ–ª—å–Ω—ã–π 
–≠—Ç–∞–∂: 7 –∏–∑ 9  
–ö–æ–º–º—É–Ω–∏–∫–∞—Ü–∏–∏: –¶...",https://cdn.house.kg/house/images/2/0/8/208f0ac0d62984324fea977ea19bfbcb_240x180.jpg
/details/935704161ee14542d1260-66440319,"3-–∫–æ–º–Ω. –∫–≤., 61 –º2, 9 —ç—Ç–∞–∂ –∏–∑ 12",$ 61 000,"–ü—Ä–æ–¥–∞–µ—Ç—Å—è: 3—Ö –∫–æ–º–Ω–∞—Ç–Ω–∞—è –∫–≤–∞—Ä—Ç–∏—Ä–∞ !!!
–ê–¥—Ä–µ—Å: –ú–æ—Å—Å–æ–≤–µ—Ç –¢–æ–∫—Ç–æ–≥—É–ª–∞/–°–æ–≤–µ—Ç—Å–∫–∞—è 

–û–±—â–∞—è –ø–ª–æ—â–∞–¥—å: 61–º¬≤
–ö–æ–º–º—É–Ω–∏–∫–∞—Ü–∏–∏: —Ü–µ–Ω—Ç—Ä–∞–ª—å–Ω—ã–µ 
–°–µ—Ä–∏—è: –∏–Ω–¥–∏–≤–∏–¥.–ø–ª–∞–Ω–∏—Ä–æ–≤–∫–∞ 
–ì...",https://cdn.house.kg/house/images/0/5/1/051948f897fec0dd0ff387a7dd9e1b40_240x180.jpg
/details/768478261ee0d6ee1d5a8-01052074,"3-–∫–æ–º–Ω. –∫–≤., 137 –º2, 6 —ç—Ç–∞–∂ –∏–∑ 10",$ 132 000,"–ü—Ä–æ–¥–∞—é –®–∏–∫–∞—Ä–Ω—É—é –∫–≤–∞—Ä—Ç–∏—Ä—É —Å –î–∏–∑–∞–π–Ω–µ—Ä—Å–∫–∏–º –†–µ–º–æ–Ω—Ç–æ–º!!! –û—Ç–ª–∏—á–Ω–æ–µ —Ä–∞—Å–ø–æ–ª–æ–∂–µ–Ω–∏–µ –Ω–∞–ø—Ä–æ—Ç–∏–≤  ""–ó–æ–ª–æ—Ç–æ–≥–æ –î—Ä–∞–∫–æ–Ω–∞ "" 

–ö–æ–ª–∏—á–µ—Å—Ç–≤–æ:3—Ö –∫–æ–º–Ω–∞—Ç–Ω–∞—è –∫–≤–∞—Ä—Ç–∏—Ä–∞ —Å—Ç—É–¥–∏—è 
–ê–¥—Ä...",https://cdn.house.kg/house/images/e/5/5/e5572742da4a0a71a9a99af123976af2_240x180.jpg
/details/334924661ee0af0585064-56626220,"3-–∫–æ–º–Ω. –∫–≤., 105 –º2, 12 —ç—Ç–∞–∂ –∏–∑ 12",$ 126 000,"–ü—Ä–æ–¥–∞—é: 3—Ö –∫–æ–º–Ω–∞—Ç–Ω–∞—è –∫–≤–∞—Ä—Ç–∏—Ä–∞!!!

–ê–¥—Ä–µ—Å: –ë–∏—à–∫–µ–∫ , –º–∫—Ä.–ê—Å–∞–Ω–±–∞–π
–ó–∞—Å—Ç—Ä–æ–π—â–∏–∫: –ò–º–∞—Ä–∞—Ç –°—Ç—Ä–æ–π –ñ–ö ""–ü—Ä–µ—Å—Ç–∏–∂""
–ì–æ–¥ –ø–æ—Å—Ç—Ä–æ–π–∫–∏: 2015
–≠—Ç–∞–∂: 12 —ç—Ç–∞–∂ 12 + —Ç–µ—Ö.—ç—Ç–∞–∂
–°–µ...",https://cdn.house.kg/house/images/6/6/5/665dfc4888bf3f804166122dae740406_240x180.jpg
/details/308033561ee075adf7333-52681492,"2-–∫–æ–º–Ω. –∫–≤., 66 –º2, 7 —ç—Ç–∞–∂ –∏–∑ 9",$ 70 500,"–ü—Ä–æ–¥–∞–∂–∞: 2—Ö –∫–æ–º–Ω. –∫–≤.,

–ê–¥—Ä–µ—Å: –ë–∏—à–∫–µ–∫ , 11 –º–∫—Ä 
–ó–∞—Å—Ç—Ä–æ–π—â–∏–∫: –ë–∏—à–∫–µ–∫ –ö—É—Ä—É–ª—É—à 
–ì–æ–¥ –ø–æ—Å—Ç—Ä–æ–π–∫–∏: 2018
–≠—Ç–∞–∂: 7 —ç—Ç–∞–∂ 10
–°–µ—Ä–∏—è : —ç–ª–∏—Ç–∫–∞
–ü–ª–æ—â–∞–¥—å: 66–º¬≤
–û—Ç–æ–ø–ª–µ–Ω–∏–µ...",https://cdn.house.kg/house/images/2/f/4/2f4777b3a4e27df5a59df6d2a1b660a4_240x180.jpg
/details/418317861ee06a573cd40-55025092,"2-–∫–æ–º–Ω. –∫–≤., 87 –º2, 5 —ç—Ç–∞–∂ –∏–∑ 10",$ 86 900,"–ü—Ä–æ–¥–∞—ë—Ç—Å—è 2-—Ö –∫–æ–º–Ω–∞—Ç–Ω–∞—è –∫–≤–∞—Ä—Ç–∏—Ä–∞  !!!
–ê–¥—Ä–µ—Å:  –≥.–ë–∏—à–∫–µ–∫ , –≤ 7 –º–∫—Ä - –Ω –æ—Ä–∏–µ–Ω—Ç–∏—Ä –ù–¢–° !!!

–ì–æ–¥ –ø–æ—Å—Ç—Ä–æ–π–∫–∏: 2014 
–¢–∏–ø —Å—Ç—Ä–æ–µ–Ω–∏–µ: –º–æ–Ω–æ–ª–∏—Ç–Ω—ã–π
–°–µ—Ä–∏—è : –Ω–æ–≤–æ—Å—Ç—Ä–æ–π...",https://cdn.house.kg/house/images/7/3/a/73af072f71eaa1458b0d8a777e840b83_240x180.jpg
/details/750086661e68e8f79d4c1-23211351,"–ö–æ–º–º–µ—Ä—á–µ—Å–∫–∞—è –Ω–µ–¥–≤–∏–∂–∏–º–æ—Å—Ç—å, 1060 –º2",$ 1 600 000,"–ü—Ä–æ–¥–∞—é  –ü–æ–¥  –ö–æ–º–º–µ—Ä—á–µ—Å–∫–æ–µ –ø–æ–º–µ—â–µ–Ω–∏–µ, –ø–æ–¥ –ë–∏–∑–Ω–µ—Å.
–í  –¢–∏—Ö–æ–º –¶–µ–Ω—Ç—Ä–µ –ø–æ –ü–µ—Ä–≤–æ–π –ª–∏–Ω–∏–∏
—É–ª. –ì–æ—Ä—å–∫–æ–≥–æ

–ì–æ–¥ –ø–æ—Å—Ç—Ä–æ–π–∫–∏: 2016 –≥–æ–¥–∞
–û–±—â–∞—è –ø–ª–æ—â–∞–¥—å: 1060–º¬≤
–≠—Ç...",https://cdn.house.kg/house/images/1/9/c/19c7a0f72c7545d27b286fc858174c36_240x180.jpg
/details/55422861e668649279b1-70642429,"3-–∫–æ–º–Ω. –∫–≤., 118 –º2, 3 —ç—Ç–∞–∂ –∏–∑ 10",$ 97 500,"–ü—Ä–æ–¥–∞—é 3 –∫–æ–º.–∫–≤. –≤ —Ü–µ–Ω—Ç—Ä–µ –≥–æ—Ä–æ–¥–∞ 
–ê–¥—Ä–µ—Å: –ë–æ–∫–æ–Ω–±–∞–µ–≤–∞/–¢—É—Ä—É—Å–±–µ–∫–æ–≤–∞ (–¢–∞–±—ã—à–∞–ª–∏–µ–≤–∞ –¥–æ–º 3)
–°–µ—Ä–∏—è: –≠–ª–∏—Ç–∫–∞
–°–ö ""–®–∞–º–∞–ª–¥—ã –°–∞–π""
–≠—Ç–∞–∂: 3 –∏–∑ 10
–¢–∏–ø —Å—Ç—Ä–æ–µ–Ω–∏—è: –ö–∏—Ä–ø–∏—á–Ω...",https://cdn.house.kg/house/images/0/e/4/0e425b586eb0268da88508b595a187ed_240x180.jpg
/details/516231661e665d450fb97-99323575,"3-–∫–æ–º–Ω. –∫–≤., 64 –º2, 9 —ç—Ç–∞–∂ –∏–∑ 9",$ 69 500,"–°—Ä–æ—á–Ω–æ –ø—Ä–æ–¥–∞—ë—Ç—Å—è 3-—Ö –∫–æ–º–Ω–∞—Ç–Ω–∞—è –∫–≤–∞—Ä—Ç–∏—Ä–∞ 
–ê–¥—Ä–µ—Å 5 –º–∫—Ä –ø–æ —É–ª. –Æ–Ω—É—Å–∞–ª–∏–µ–≤–∞ 

–ö–æ–ª–∏—á–µ—Å—Ç–≤–æ –∫–æ–º–Ω–∞—Ç 3
–¢–∏–ø —Å—Ç—Ä–æ–µ–Ω–∏—è –ø–∞–Ω–µ–ª—å
–ö–æ–º–º—É–Ω–∏–∫–∞—Ü–∏–∏ —Ü–µ–Ω—Ç—Ä–∞–ª—å–Ω—ã–µ
–û–±—â–∞—è –ø–ª–æ—â–∞–¥...",https://cdn.house.kg/house/images/a/0/9/a097841b3de7a173d11248ab801ad28f_240x180.jpg
/details/555825761e662cc9bc025-25508311,"4-–∫–æ–º–Ω. –∫–≤., 60 –º2, 3 —ç—Ç–∞–∂ –∏–∑ 5",$ 59 000,"–ü—Ä–æ–¥–∞—ë—Ç—Å—è 4—Ö –∫–æ–º–Ω–∞—Ç–Ω–∞—è –∫–≤–∞—Ä—Ç–∏—Ä–∞!!!
–ê–¥—Ä–µ—Å:  –≥.–ë–∏—à–∫–µ–∫ —Ä–∞–π–æ–Ω –§–∏–ª–∞—Ä–º–æ–Ω–∏–∏  

–¢–∏–ø —Å—Ç—Ä–æ–µ–Ω–∏–µ: –∂–∂—ë–Ω–Ω—ã–π –∫–∏—Ä–ø–∏—á
–°–µ—Ä–∏—è : –∏–Ω–¥–∏–≤–∏–¥.–ø–ª–∞–Ω–∏—Ä–æ–≤–∫–∞ 
–≠—Ç–∞–∂: 3 –∏–∑ 5
–û–±...",https://cdn.house.kg/house/images/0/3/d/03d84d05944609abcac05a9b0327575d_240x180.jpg
/details/251950961e65f0fe82da9-39759237,"2-–∫–æ–º–Ω. –∫–≤., 72 –º2, 8 —ç—Ç–∞–∂ –∏–∑ 10",$ 86 000,"–ü—Ä–æ–¥–∞—é 2—Ö –∫–æ–º.–∫–≤. –ñ–ö –ê—Å–∞–Ω–±–∞–π –û—Ä–¥–æ
–û–±—â–∞—è –ø–ª–æ—â–∞–¥—å: 72 –∫–≤.–º.
–°–µ—Ä–∏—è: –≠–ª–∏—Ç–∫–∞
–†–∞–π–æ–Ω: –ê—Å–∞–Ω–±–∞–π
–ó–∞—Å—Ç—Ä–æ–π—â–∏–∫: –ï–ª–∏—Ç –•–∞—É—Å
–ì–æ–¥ –ø–æ—Å—Ç—Ä–æ–π–∫–∏: 2020
–≠—Ç–∞–∂: 8 –∏–∑ 10
...",https://cdn.house.kg/house/images/c/8/1/c818959c8465a81ee96309f7cc6069f5_240x180.jpg
/details/515547961e629beb8ff48-66993202,"2-–∫–æ–º–Ω. –∫–≤., 54 –º2, 6 —ç—Ç–∞–∂ –∏–∑ 9",$ 57 000,"–ü—Ä–æ–¥–∞—ë—Ç—Å—è 2—Ö –∫–æ–º–Ω–∞—Ç–Ω–∞—è –∫–≤–∞—Ä—Ç–∏—Ä–∞!!! 
–ê–¥—Ä–µ—Å: –≥.–ë–∏—à–∫–µ–∫ , 6 –º–∫—Ä –¥–æ–º 38/2  –≤–æ–∑–ª–µ –ë–µ—Ä–µ–∑–æ–≤–æ–π –∏ –û—Ä–µ—Ö–æ–≤–æ–π —Ä–æ—â–∏   !!!
–¢–∏–ø —Å—Ç—Ä–æ–µ–Ω–∏–µ: –ø–∞–Ω–µ–ª—å–Ω—ã–π
–°–µ—Ä–∏—è: 106 
–≠—Ç–∞–∂: ...",https://cdn.house.kg/house/images/2/a/b/2ab3249d88547a9526511fd11dab8366_240x180.jpg
/details/584910061e4f7e1eba221-69421833,"–î–æ–º, 6 –∏ –±–æ–ª–µ–µ –∫–æ–º–Ω–∞—Ç, 530 –º2",$ 900 000,"–ü—Ä–æ–¥–∞–µ—Ç—Å—è —à–∏–∫–∞—Ä–Ω—ã–π –¥–æ–º –≤ VIP –≥–æ—Ä–æ–¥–µ –ê–ª–∞-–ê—Ä—á–∞ 2
–£—á–∞—Å—Ç–æ–∫-16 —Å–æ—Ç–æ–∫
–î–æ–º –∫–∏—Ä–ø–∏—á–Ω—ã–π 2 —ç—Ç–∞–∂–∞+ —Ü–æ–∫–æ–ª—å–Ω–æ–µ –ø–æ–º–µ—â–µ–Ω–∏–µ.
–ü–ª–æ—â–∞–¥—å –¥–æ–º–∞ ‚Äì 530 –º¬≤
–ì–æ–¥ –ø–æ—Å—Ç—Ä–æ–π–∫–∏ –¥–æ–º–∞-2...",https://cdn.house.kg/house/images/7/2/b/72bf0f4e0d4504c486af04a2b2337de9_240x180.jpg
/details/216736461e4ee769906e9-09860804,"3-–∫–æ–º–Ω. –∫–≤., 63 –º2, 4 —ç—Ç–∞–∂ –∏–∑ 4",$ 49 000,"–ü—Ä–æ–¥–∞–º 3—Ö –∫–æ–º–Ω–∞—Ç–Ω–∞—è –∫–≤–∞—Ä—Ç–∏—Ä–∞ 
–ê–¥—Ä–µ—Å:  –≥.–ë–∏—à–∫–µ–∫ –¢—É—Ä—É—Å–±–µ–∫–æ–≤–∞/–¢–æ–∫—Ç–æ–≥—É–ª–∞ 

–û–±—â–∞—è –ø–ª–æ—â–∞–¥—å: 63–º2
–°–µ—Ä–∏—è: –ò–Ω–¥–∏–≤–∏–¥—É–∞–ª—å–∫–∞
–ú–∞—Ç–µ—Ä–∏–∞–ª —Å—Ç–µ–Ω: –ñ–∂—ë–Ω–Ω—ã–π –∫–∏—Ä–ø–∏—á
–≠—Ç–∞–∂: 4–∏...",https://cdn.house.kg/house/images/e/d/e/ede0d033a7d17c30b76ee0f87e9e8ee3_240x180.jpg
/details/602667461e4e7baeacbd7-63742468,"2-–∫–æ–º–Ω. –∫–≤., 45 –º2, 8 —ç—Ç–∞–∂ –∏–∑ 10",$ 51 500,"–°—Ä–æ—á–Ω–æ –ø—Ä–æ–¥–∞—é 2 –∫–æ–º–Ω–∞—Ç–Ω—É—é –≤ 7 –º–∫—Ä 

–ê–¥—Ä–µ—Å: –≥.–ë–∏—à–∫–µ–∫ 7 –º–∫—Ä
–°–ö: ¬´–ê–Ω–∏–ª–∏—è¬ª –ñ–ö –Æ–≥-7
–ì–æ–¥: 2015
–û–±—â–∞—è –ø–ª–æ—â–∞–¥—å: 45 –º2
–°–µ—Ä–∏—è: –≠–ª–∏—Ç–∫–∞
–¢–∏–ø –¥–æ–º–∞: –ú–æ–Ω–æ–ª–∏—Ç–Ω—ã–π 
–≠—Ç–∞–∂...",https://cdn.house.kg/house/images/c/7/9/c794c38590b2fa646933325b3708d60a_240x180.jpg
/details/818969961e4e24ae3ff75-50753882,"2-–∫–æ–º–Ω. –∫–≤., 52 –º2, 10 —ç—Ç–∞–∂ –∏–∑ 14",$ 57 000,"–°—Ä–æ—á–Ω–æ –ø—Ä–æ–¥–∞—é 2 –∫–æ–º–Ω–∞—Ç–Ω—É—é –≤ –ù–∏–∂–Ω–µ–º –î–∂–∞–ª–µ 

–ê–¥—Ä–µ—Å: –≥.–ë–∏—à–∫–µ–∫ –ê—Ö—É–Ω–±–∞–µ–≤a//–¢—ã–Ω–∞–ª–∏–µ–≤–∞ 
–°–ö: –ò–º–∞—Ä–∞—Ç –°—Ç—Ä–æ–π
–ì–æ–¥: 2019 –≥.
–û–±—â–∞—è –ø–ª–æ—â–∞–¥—å: 52 –º2
–°–µ—Ä–∏—è: –≠–ª–∏—Ç–∫–∞
–¢–∏–ø ...",https://cdn.house.kg/house/images/8/d/8/8d8e707cdbca0ee4e2531082d41258a0_240x180.jpg
/details/531623061adfc6d9e00e1-30365647,"3-–∫–æ–º–Ω. –∫–≤., 64 –º2, 8 —ç—Ç–∞–∂ –∏–∑ 9",$ 65 600,"–ü—Ä–æ–¥–∞–µ—Ç—Å—è: 3—Ö –∫–æ–º–Ω–∞—Ç–Ω–∞—è –∫–≤–∞—Ä—Ç–∏—Ä–∞ !!!
–ê–¥—Ä–µ—Å:  –≥.–ë–∏—à–∫–µ–∫ , 12 –º–∫—Ä –ú–∞–π—Å–∫–∏–π –î–≤–æ—Ä–∏–∫ 

–û–±—â–∞—è –ø–ª–æ—â–∞–¥—å: 64–º¬≤
–ö–æ–º–º—É–Ω–∏–∫–∞—Ü–∏–∏: —Ü–µ–Ω—Ç—Ä–∞–ª—å–Ω—ã–µ
–°–µ—Ä–∏—è: 105
–≠—Ç–∞–∂:  8 –∏–∑ 9...",https://cdn.house.kg/house/images/d/b/2/db2a275905f7da63ece0214192b06468_240x180.jpg
/details/357377361ad905b761007-12023949,"–ö–æ–º–º–µ—Ä—á–µ—Å–∫–∞—è –Ω–µ–¥–≤–∏–∂–∏–º–æ—Å—Ç—å, 350 –º2",$ 260 000,"–ü—Ä–æ–¥–∞–µ—Ç—Å—è 2-—Ö —ç—Ç–∞–∂–Ω–∞—è + —Ü–æ–∫–æ–ª—å–Ω—ã–π —ç—Ç–∞–∂ –∫–æ–º–º–µ—Ä—á–µ—Å–∫–∞—è –Ω–µ–¥–≤–∏–∂–∏–º–æ—Å—Ç—å –≤ —Ü–µ–Ω—Ç—Ä–µ –≥–æ—Ä–æ–¥–∞, –æ–±—â–µ–π –ø–ª–æ—â–∞–¥—å—é 350 –∫–≤.–º. –ù–∞—Ö–æ–¥–∏—Ç—Å—è –ø–æ –ø–µ—Ä–≤–æ–π –ª–∏–Ω–∏–∏ –Ω–∞ –ø–µ—Ä–µ—Å–µ—á–µ–Ω–∏–∏ —É–ª...",https://cdn.house.kg/house/images/6/8/2/682e670a0fcfa4723fb379c981656b6e_240x180.jpg
/details/718222561ad8e62250ba7-82291768,"–ö–æ–º–º–µ—Ä—á–µ—Å–∫–∞—è –Ω–µ–¥–≤–∏–∂–∏–º–æ—Å—Ç—å, 1043 –º2",$ 1 043 000,"–ü—Ä–æ–¥–∞—é –ö–æ–º–º–µ—Ä—á–µ—Å–∫–æ–µ –ø–æ–º–µ—â–µ–Ω–∏–µ

–ë–∞–π—Ç–∏–∫ –ë–∞–∞—Ç—ã—Ä–∞// –ú–µ–¥–µ—Ä–æ–≤–∞ 
–ó–¥–∞–Ω–∏–µ –≤ 3 —ç—Ç–∞–∂–∞ + –ø–æ–¥–≤–∞–ª + –º–∞–Ω—Å–∞—Ä–¥–∞ ( –≤—Å–µ —ç—Ç–∞–∂–∏ –ø–æ–ª–Ω–æ—Ü–µ–Ω–Ω–æ —Ä–∞–±–æ—á–∏–µ ) 
–ì–æ–¥ –ø–æ—Å—Ç—Ä–æ–π–∫–∏ - 2011
...",https://cdn.house.kg/house/images/5/9/d/59d170930f78b1c0120bf15e5f7dd0ea_240x180.jpg
/details/626658461ac9c9e98cb50-06822948,"2-–∫–æ–º–Ω. –∫–≤., 43 –º2, 3 —ç—Ç–∞–∂ –∏–∑ 3",$ 33 000,"–°—Ä–æ—á–Ω–æ —Å—Ä–æ—á–Ω–æ üî•üî•üî•üî•
–ü—Ä–æ–¥–∞—ë—Ç—Å—è 2-—Ö –∫–æ–º–Ω–∞—Ç–Ω–∞—è –∫–≤–∞—Ä—Ç–∏—Ä–∞. 
–í —Ä–∞–π–æ–Ω–µ –ø–æ–ª–∏—Ç–µ—Ö–∞ 
–ø—Ä–æ—Å–ø–µ–∫—Ç –ß—ã–Ω–≥—ã–∑–∞ –ê–π—Ç–º–∞—Ç–æ–≤–∞ 71

–°–µ—Ä–∏—è: –∏–Ω–¥–∏–≤–∏–¥ 
–û–±—â–∞—è –ø–ª–æ—â–∞–¥—å 43–º¬≤
–ö–æ–º–º—É–Ω–∏–∫–∞—Ü–∏...",https://cdn.house.kg/house/images/d/4/0/d40069f36a5c9e14b6add65c8dea5139_240x180.jpg
/details/966508461aaf9f8ba9765-74355311,"2-–∫–æ–º–Ω. –∫–≤., 64 –º2, 5 —ç—Ç–∞–∂ –∏–∑ 10",$ 56 000,"–ü—Ä–æ–¥–∞–µ—Ç—Å—è 2-—Ö –∫–æ–º–Ω–∞—Ç–Ω–∞—è –∫–≤–∞—Ä—Ç–∏—Ä–∞, –ë–æ–∫–æ–Ω–±–∞–µ–≤–∞/–õ–æ–≥–≤–∏–Ω–µ–Ω–∫–æ

–ê–¥—Ä–µ—Å: –ë–æ–∫–æ–Ω–±–∞–µ–≤–∞/–õ–æ–≥–≤–∏–Ω–µ–Ω–∫–æ
–ö–æ–ª–∏—á–µ—Å—Ç–≤–æ –∫–æ–º–Ω–∞—Ç: 2
–≠—Ç–∞–∂: 5 –∏–∑ 10
–°–µ—Ä–∏—è: —ç–ª–∏—Ç–∫–∞
–ó–∞—Å—Ç—Ä–æ–π—â–∏–∫: –°–ö ...",https://cdn.house.kg/house/images/b/a/b/babd5f3c6f61fa880766a3dbf94d0608_240x180.jpg
/details/3808787611e35af3fe1d7-64316499,"1-–∫–æ–º–Ω. –∫–≤., 60 –º2, 10 —ç—Ç–∞–∂ –∏–∑ 10",$ 75 000,"–ü—Ä–æ–¥–∞—é: 2—Ö + —Å—Ç—É–¥–∏—è –∫–æ–º–Ω–∞—Ç–Ω–∞—è –∫–≤–∞—Ä—Ç–∏—Ä–∞!!!

–ê–¥—Ä–µ—Å: –ë–∏—à–∫–µ–∫ , –ö–∏–µ–≤—Å–∫–∞—è // –¢–∏–º–∏—Ä—è–∑–µ–≤–∞
–ó–∞—Å—Ç—Ä–æ–π—â–∏–∫: –ö–∞–ø—Å—Ç—Ä–æ–π –ñ–ö –ö–∞–ø–∏—Ç–∞–ª 
–≠—Ç–∞–∂: 10 —ç—Ç–∞–∂ 10 + —Ç–µ—Ö.—ç—Ç–∞–∂
–°–µ—Ä–∏—è :...",https://cdn.house.kg/house/images/8/8/2/882ed12d0f43796325f5377434f0698a_240x180.jpg
/details/559739261e1970c9163e2-85526404,"2-–∫–æ–º–Ω. –∫–≤., 72 –º2, 7 —ç—Ç–∞–∂ –∏–∑ 9",$ 66 500,"–ü—Ä–æ–¥–∞—é 2—Ö –∫–æ–º–Ω–∞—Ç–Ω—É—é –∫–≤–∞—Ä—Ç–∏—Ä—É 72–º¬≤

–ü—Ä–æ–¥–∞—é 2—Ö –∫–æ–º–Ω–∞—Ç–Ω—É—é –∫–≤–∞—Ä—Ç–∏—Ä—É 72–º¬≤

–ê–¥—Ä–µ—Å: –ë–∞–∫–∞–µ–≤–∞ 132 –ø–µ—Ä–µ—Å–µ—á–µ–Ω–∏—è –ê—Ö—É–Ω–±–∞–µ–≤–∞ 
–¶–µ–Ω–∞: $68 000 
–ó–∞—Å—Ç—Ä–æ–π—â–∏–∫ –ò—Ö–ª–∞—Å ...",https://cdn.house.kg/house/images/b/1/8/b1803caa46e876b1055fbea2b073d95c_240x180.jpg
/details/257742261e190e40f5728-06394782,"2-–∫–æ–º–Ω. –∫–≤., 83 –º2, 6 —ç—Ç–∞–∂ –∏–∑ 13",$ 93 000,"–ü—Ä–æ–¥–∞—ë—Ç—Å—è 2—Ö –∫–æ–º.–∫–≤. –ñ–ö –°—Ñ–µ—Ä–∞+
–ê–¥—Ä–µ—Å: –¢–æ–∫—Ç–æ–≥—É–ª–∞-–ü–∞–Ω—Ñ–∏–ª–æ–≤–∞
–ó–∞—Å—Ç—Ä–æ–π—â–∏–∫: –ï–ª–∏–∑–∞–≤–µ—Ç–∞
–ì–æ–¥ –ø–æ—Å—Ç—Ä–æ–π–∫–∏: 2016
–°–µ—Ä–∏—è: –≠–ª–∏—Ç–∫–∞
–≠—Ç–∞–∂: 6 –∏–∑ 13
–¢–∏–ø —Å—Ç—Ä–æ–µ–Ω–∏—è: –ö–∏—Ä–ø–∏—á–Ω—ã...",https://cdn.house.kg/house/images/4/7/9/479a68ed918844bc789bcf8e7fcb7f0a_240x180.jpg
/details/898336161e18b822f7280-73458229,"3-–∫–æ–º–Ω. –∫–≤., 130 –º2, 11 —ç—Ç–∞–∂ –∏–∑ 12",$ 220 000,"–ü—Ä–æ–¥–∞–µ—Ç—Å—è  –≠–ö–°–ö–õ–Æ–ó–ò–í–ù–´–ô –¥–≤—É—Ö —É—Ä–æ–≤–Ω–µ–≤—ã–π –ü–ï–ù–¢–•–ê–£–° —Å –∏–¥–µ–∞–ª—å–Ω—ã–º —Ä–µ–º–æ–Ω—Ç–æ–º, —Å–æ—Å—Ç–æ—è–Ω–∏–µ –ó–∞–µ–∑–∂–∞–π –∏ –∂–∏–≤–∏!!!
–ó–û–õ–û–¢–û–ú –ö–í–ê–î–†–ê–¢–ï –¢–æ–∫—Ç–æ–≥—É–ª–æ–≤–∞ // –¢–æ–≥–æ–ª–æ–∫ –ú–æ–ª–¥–æ.

–ó–∞—Å—Ç...",https://cdn.house.kg/house/images/1/7/3/1735df013c03bd22b7c51643ce70e746_240x180.jpg
/details/847156661e188580539c6-97713049,"4-–∫–æ–º–Ω. –∫–≤., 125 –º2, 11 —ç—Ç–∞–∂ –∏–∑ 12",$ 89 500,"–ü—Ä–æ–¥–∞—ë—Ç—Å—è 4—Ö –∫–æ–º–Ω–∞—Ç–Ω–∞—è –∫–≤–∞—Ä—Ç–∏—Ä–∞!!!
–†–∞–π–æ–Ω: –°—É—Ö–µ –ë–∞—Ç–æ—Ä–∞ - –ú–∞–≥–∏—Å—Ç—Ä–∞–ª—å
–ó–∞—Å—Ç—Ä–æ–π—â–∏–∫: KG Group
–ì–æ–¥ –ø–æ—Å—Ç—Ä–æ–π–∫–∏: 2018
–¢–∏–ø —Å—Ç—Ä–æ–µ–Ω–∏—è: –º–æ–Ω–æ–ª–∏—Ç–Ω—ã–π
–°–µ—Ä–∏—è : —ç–ª–∏—Ç–∫–∞
–≠—Ç...",https://cdn.house.kg/house/images/e/2/3/e237763e4afcc02acc7a7a769c7e902a_240x180.jpg
/details/314927261e1852f5ef058-16208391,"3-–∫–æ–º–Ω. –∫–≤., 76 –º2, 10 —ç—Ç–∞–∂ –∏–∑ 12",$ 76 000,"–ü—Ä–æ–¥–∞—ë—Ç—Å—è 3—Ö –∫–æ–º–Ω–∞—Ç–Ω–∞—è –∫–≤–∞—Ä—Ç–∏—Ä–∞!!!
–†–∞–π–æ–Ω: –°—É—Ö–µ –ë–∞—Ç–æ—Ä–∞ - –ú–∞–≥–∏—Å—Ç—Ä–∞–ª—å
–ó–∞—Å—Ç—Ä–æ–π—â–∏–∫: KG Group
–ì–æ–¥ –ø–æ—Å—Ç—Ä–æ–π–∫–∏: 2018
–¢–∏–ø —Å—Ç—Ä–æ–µ–Ω–∏—è: –º–æ–Ω–æ–ª–∏—Ç–Ω—ã–π
–°–µ—Ä–∏—è : —ç–ª–∏—Ç–∫–∞
–≠—Ç...",https://cdn.house.kg/house/images/b/2/3/b230ce13d24553d8277b10b8640c2f77_240x180.jpg
/details/700786261e1134eea4b13-41523689,"–£—á–∞—Å—Ç–æ–∫, 4.6 —Å–æ—Ç–æ–∫",$ 450 000,"–ü—Ä–æ–¥–∞—é –£—á–∞—Å—Ç–æ–∫ —Å –¥–µ–∏ÃÜ—Å—Ç–≤—É—é—â–∏–º —Ä—ã–Ω–∫–æ–º –ø–æ –ü–µ—Ä–≤–æ–∏ÃÜ –ª–∏–Ω–∏–∏ 

–†–∞–∏ÃÜ–æ–Ω - –ê–ª–∞–º–µ–¥–∏–Ω -1 –ø–æ —É–ª. –ê—É—ç–∑–æ–≤–∞
–£—á–∞—Å—Ç–æ–∫ - 4.6—Å–æ—Ç. –ø–æ —Ñ–∞–∫—Ç—É 5.22
–î–æ–∫—É–º–µ–Ω—Ç—ã - –∫—Ä–∞—Å–Ω–∞—è –∫–Ω–∏–≥–∞....",https://cdn.house.kg/house/images/4/b/7/4b726be64e770bdd8679f7a08ca9a170_240x180.jpg
/details/106041161e0ebaa41ddd0-99243954,"3-–∫–æ–º–Ω. –∫–≤., 62 –º2, 1 —ç—Ç–∞–∂ –∏–∑ 9",$ 56 500,"–°—Ä–æ—á–Ω–æ –ø—Ä–æ–¥–∞—é 3 –∫–æ–º–Ω–∞—Ç–Ω—É—é –∫–≤–∞—Ä—Ç–∏—Ä—É –≤ 10 –º–∫—Ä (–¢—Ä–∏ –ë–æ–≥–∞—Ç—ã—Ä—è)

–ê–¥—Ä–µ—Å: –≥.–ë–∏—à–∫–µ–∫ 10–º–∫—Ä  
–û–±—â–∞—è –ø–ª–æ—â–∞–¥—å: 68 –º2
–°–µ—Ä–∏—è: 105 —É–ª—É—á–µ–Ω–Ω–∞—è 
–¢–∏–ø –¥–æ–º–∞: –ü–∞–Ω–µ–ª—å–Ω—ã–π
–≠—Ç–∞...",https://cdn.house.kg/house/images/a/a/1/aa108ed56c22fe95a0c44677e784016a_240x180.jpg
/details/78022561e0117c75a666-50217957,"3-–∫–æ–º–Ω. –∫–≤., 90 –º2, 6 —ç—Ç–∞–∂ –∏–∑ 8",$ 78 000,"–ü—Ä–æ–¥–∞–µ—Ç—Å—è 3-—Ö –∫–æ–º–Ω–∞—Ç–Ω–∞—è –∫–≤–∞—Ä—Ç–∏—Ä–∞ !!!
–ê–¥—Ä–µ—Å: –ø–µ—Ä–µ—Å–µ—á–µ–Ω–∏–∏ –ñ–∏–±–µ–∫ –ñ–æ–ª—É / –ø—Ä.–ú–∏—Ä–∞
–°–µ—Ä–∏—è: –ù–æ–≤–æ—Å—Ç—Ä–æ–π–∫–∞ (–ë–∏–∑–Ω–µ—Å –∫–ª–∞—Å—Å–∞)
–î–æ–º: –ø–∞–Ω–µ–ª—å–Ω—ã–π, 2016 –≥.
–≠—Ç–∞–∂: 6 —ç—Ç...",https://cdn.house.kg/house/images/f/b/1/fb163db1ddfa9f3cf376e1bf2578165f_240x180.jpg
/details/855489261a346c8b730e1-98283533,"4-–∫–æ–º–Ω. –∫–≤., 110 –º2, 4 —ç—Ç–∞–∂ –∏–∑ 9",$ 80 000,"–ü—Ä–æ–¥–∞—é 4—Ö+—Å—É—à. –≤ –¶–µ–Ω—Ç—Ä–µ
—É–ª.–ú–æ—Å–∫–æ–≤—Å–∫–∞—è//–ò–±—Ä–∞–∏–º–æ–≤–∞
–ö–æ–ª–∏—á–µ—Å—Ç–≤–æ –∂–∏–ª—ã—Ö –∫–æ–º–Ω–∞—Ç - 5
–û–±—â–∞—è –ø–ª–æ—â–∞–¥—å - 110–º2.
–°–µ—Ä–∏—è - 106.
–≠—Ç–∞–∂ - 4/9.
–õ–æ–¥–∂–∏—è -3.
–û–∫–Ω–∞ - –Æ–≥/–°–µ–≤–µ...",https://cdn.house.kg/house/images/4/8/f/48f6561c4297d5f2bfb3616aef5a49dc_240x180.jpg
/details/603989561580072308cf3-52891610,"1-–∫–æ–º–Ω. –∫–≤., 35 –º2, 3 —ç—Ç–∞–∂ –∏–∑ 5",$ 32 500,"–ü—Ä–æ–¥–∞—é: 1 –∫–æ–º–Ω–∞—Ç–Ω—É—é –∫–≤–∞—Ä—Ç–∏—Ä—É  !!!
–ê–¥—Ä–µ—Å: –≥. –ë–∏—à–∫–µ–∫ ,  –î–∂–∞–ª -29
–¢–∏–ø —Å—Ç—Ä–æ–µ–Ω–∏–µ : –ø–∞–Ω–µ–ª—å–Ω—ã–π
–≠—Ç–∞–∂: 3 —ç—Ç–∞–∂ 5
–°–µ—Ä–∏—è : 105
–ü–ª–æ—â–∞–¥—å: 35–º¬≤
–ö–æ–º–º—É–Ω–∏–∫–∞—Ü–∏–∏: —Ü–µ–Ω—Ç—Ä–∞–ª...",https://cdn.house.kg/house/images/1/3/3/13346f18dddb5edfb3244e6476c18268_240x180.jpg
/details/492031261a599374303f4-13364282,"4-–∫–æ–º–Ω. –∫–≤., 240 –º2, 8 —ç—Ç–∞–∂ –∏–∑ 10",$ 210 000,"–ü—Ä–æ–¥–∞–µ—Ç—Å—è 4-—Ö –∫–æ–º–Ω–∞—Ç–Ω–∞—è –∫–≤–∞—Ä—Ç–∏—Ä–∞ –≤ —Ü–µ–Ω—Ç—Ä–µ –≥–æ—Ä–æ–¥–∞ !!! –ß—É–π / –ú–∏—Ä–∞  
–ü–ª–æ—â–∞–¥—å ‚Äì 240 –º2.
8 —ç—Ç–∞–∂ –∏–∑ 10
–ì–æ–¥ –ø–æ—Å—Ç—Ä–æ–π–∫–∏ ‚Äì 2008 –≥.
–ú–∞—Ç–µ—Ä–∏–∞–ª —Å—Ç–µ–Ω - –∫–∏—Ä–ø–∏—á.
–ö–æ–ª–∏—á...",https://cdn.house.kg/house/images/f/6/1/f611cc7fd15b37e28d9bb4e758bb8173_240x180.jpg
/details/537148261b9cb9f4a0ef0-12204027,"3-–∫–æ–º–Ω. –∫–≤., 73 –º2, 5 —ç—Ç–∞–∂ –∏–∑ 6",$ 46 500,"–°—Ä–æ—á–Ω–æ –ø—Ä–æ–¥–∞–º! 3 –∫. –∫–≤. –ü–∏—à–ø–µ–∫  –ò–Ω–¥. 73–º2, 46.5 —Ç.$ 
–ö–≤–∞—Ä—Ç–∏—Ä–∞ –¥–≤—É—Ö—É—Ä–æ–≤–Ω–µ–≤–∞—è, –Ω–∞ 5 –∏ 6 —ç—Ç–∞–∂–∞—Ö, 
–ù–µ —É–≥–ª–æ–≤–∞—è, –∫—Ä—ã—à–∞ –ø–æ—Å–ª–µ —Ä–µ–º–æ–Ω—Ç–∞,
–î–æ–º –∫–∏—Ä–ø–∏—á–Ω—ã–π,  –≤—Å–µ –∫–æ...",https://cdn.house.kg/house/images/2/a/6/2a63b36b73e47f6f37706292123a71c9_240x180.jpg
/details/198195561a9c96a759e63-59078882,"4-–∫–æ–º–Ω. –∫–≤., 195 –º2, 10 —ç—Ç–∞–∂ –∏–∑ 10",$ 160 000,"–ü—Ä–æ–¥–∞–µ—Ç—Å—è: 4—Ö –∫–æ–º–Ω–∞—Ç–Ω–∞—è –∫–≤–∞—Ä—Ç–∏—Ä–∞ !!!
–ê–¥—Ä–µ—Å:  –≥.–ë–∏—à–∫–µ–∫ , –§–∞—Ç—å—è–Ω–æ–≤–∞// –ì–æ—Ä—å–∫–æ–≥–æ 

–ì–æ–¥ –ø–æ—Å—Ç—Ä–æ–π–∫–∏: 2008
–¢–∏–ø —Å—Ç—Ä–æ–µ–Ω–∏–µ: –º–æ–Ω–æ–ª–∏—Ç–Ω—ã–π 
–û–±—â–∞—è –ø–ª–æ—â–∞–¥—å: 195–º¬≤...",https://cdn.house.kg/house/images/7/2/0/720f437e903dc6b939b19547d81ebaba_240x180.jpg
/details/494710961e64a381f2f62-81577403,"3-–∫–æ–º–Ω. –∫–≤., 108 –º2, 4 —ç—Ç–∞–∂ –∏–∑ 10",$ 120 000,"–°—Ä–æ—á–Ω–æ –ø—Ä–æ–¥–∞–º! –≠–ª–∏—Ç. 3 –∫.–∫–≤. –í–µ—Ä—Ö–Ω–∏–π –î–∂–∞–ª 108–º2. 120—Ç.$
–ö–≤–∞—Ä—Ç–∏—Ä–∞ —Å –¥–æ—Ä–æ–≥–∏–º –ï–≤—Ä–æ—Ä–µ–º–æ–Ω—Ç–æ–º –≤ —Å—Ç–∏–ª–µ –•–∞–π—Ç–µ–∫,
–ù–∞ 4 —ç—Ç–∞–∂–µ –∏–∑ 10, –æ–∫–Ω–∞ –Ω–∞ –Æ–≥ —Å –≤–∏–¥–æ–º –Ω–∞ –≥–æ—Ä—ã...",https://cdn.house.kg/house/images/4/6/2/4629b2723123f34696476ebc24f35d8f_240x180.jpg
/details/660976061a9c388375934-02021469,"4-–∫–æ–º–Ω. –∫–≤., 96 –º2, 4 —ç—Ç–∞–∂ –∏–∑ 9",$ 85 000,"–ü—Ä–æ–¥–∞—é 4—Ö+—Å—É—à–∏–ª–∫–∞ –∫–≤–∞—Ä—Ç–∏—Ä—É –Ω–∞ –®–æ–ø–æ–∫–æ–≤–∞ / –ú–æ—Å–∫–æ–≤—Å–∫–∞—è 
—Å–µ—Ä–∏—è: 106
–û–±—â–∞—è –ø–ª–æ—â–∞–¥—å: 96 –º¬≤
–¢–∏–ø —Å—Ç—Ä–æ–µ–Ω–∏—è: –ø–∞–Ω–µ–ª—å–Ω—ã–π
–≠—Ç–∞–∂: 4/9
—Å–∞–Ω. —É–∑–µ–ª: —Ä–∞–∑–¥–µ–ª—å–Ω—ã–π
–°–æ—Å—Ç–æ—è–Ω–∏–µ...",https://cdn.house.kg/house/images/a/2/b/a2bb996cf4ea25990e8435a3320972de_240x180.jpg
/details/947986061a75a343a3448-81512649,"4-–∫–æ–º–Ω. –∫–≤., 196 –º2, 10 —ç—Ç–∞–∂ –∏–∑ 11",$ 230 000,"–ü—Ä–æ–¥–∞—é 4-—Ö –∫–æ–º–Ω–∞—Ç–Ω—É—é —ç–ª–∏—Ç–Ω—É—é –∫–≤–∞—Ä—Ç–∏—Ä—É 
–ó–∞—Å—Ç—Ä–æ–π—â–∏–∫: Bi Development
–ê–¥—Ä–µ—Å: —É–ª.–ö–µ—Ä–∏–º–±–µ–∫–æ–≤–∞ / —É–ª.–ë–æ–∫–æ–Ω–±–∞–µ–≤–∞ –¥–æ–º Fly Dubai, –Ω–∞–ø—Ä–æ—Ç–∏–≤ 70-–π —à–∫–æ–ª—ã
–≠—Ç–∞–∂–Ω–æ—Å—Ç—å: ...",https://cdn.house.kg/house/images/d/d/b/ddb38618611686933649a6b7f9d2af89_240x180.jpg
/details/44117961d862629be6f8-12595525,"–ö–æ–º–º–µ—Ä—á–µ—Å–∫–∞—è –Ω–µ–¥–≤–∏–∂–∏–º–æ—Å—Ç—å, 65 –º2",$ 49 000,"–ü–†–û–î–ê–Æ –∫–æ—Ç—Ç–µ–¥–∂ –≤ –ß–æ–ª–ø–æ–Ω - –ê—Ç–µ!!!
 –û—Ç —Ü–µ–Ω—Ç—Ä–∞ –≥–æ—Ä–æ–¥–∞ –¥–æ –ø–∞–Ω—Å–∏–æ–Ω–∞—Ç–∞ ‚Äú–ó–µ—Ç–æ‚Äù 2 –º–∏–Ω –Ω–∞ –º–∞—à–∏–Ω–µ.

–°–≤–æ–π –æ—Ö—Ä–∞–Ω—è–µ–º—ã–π ,—á–∏—Å—Ç—ã–π ,–Ω–µ –∫–∞–º–µ–Ω–∏—Å—Ç—ã–π –ø–ª—è–∂! –û—Ç –∫–æ—Ç—Ç–µ–¥–∂–∞ –¥–æ ...",https://cdn.house.kg/house/images/7/7/8/778841d5340f2022fc125f049ffde82d_240x180.jpg
/details/983153261c5498219ffa4-14770676,"–£—á–∞—Å—Ç–æ–∫, 30 —Å–æ—Ç–æ–∫",$ 270 000,"–°—Ä–æ—á–Ω–æ –ü—Ä–æ–¥–∞–µ—Ç—Å—è –•–æ—Ä–æ—à–∏–π —É—á–∞—Å—Ç–æ–∫ 30 —Å–æ—Ç—ã—Ö
–í —Ä–∞–π–æ–Ω–µ –ê–ª–º–∞—Ç–∏–Ω–∫–∞/–ú–∞–≥–∏—Å—Ç—Ä–∞–ª—å (–ë–∏–ª–∏–º–∫–∞–Ω–∞)
–ò–¥–µ–∞–ª—å–Ω–æ –ø–æ–¥–æ–π–¥–µ—Ç –¥–ª—è –ø–æ—Å—Ç—Ä–æ–π–∫–∏ –∫–ª—É–±–Ω—ã—Ö –¥–æ–º–æ–≤
–£—á–∞—Å—Ç–æ–∫ –ø—Ä–∞–≤–∏–ª—å–Ω–æ–π —Ñ...",https://cdn.house.kg/house/images/6/d/4/6d47543dbc8b2fc52606900e197f84be_240x180.jpg
/details/587869061de4863d10689-87553855,"3-–∫–æ–º–Ω. –∫–≤., 118 –º2, 12 —ç—Ç–∞–∂ –∏–∑ 13",$ 80 000,"–°—Ä–æ—á–Ω–æ –ø—Ä–æ–¥–∞—é 3-—Ö –∫–æ–º–Ω–∞—Ç–Ω—É—é –∫–≤–∞—Ä—Ç–∏—Ä—É, —Ä–∞–π–æ–Ω –§–∏–ª–∞—Ä–º–æ–Ω–∏–∏

–ê–¥—Ä–µ—Å: –≥.–ë–∏—à–∫–µ–∫ –ê–±–¥—É–º–æ–º—É–Ω–æ–≤–∞/–ò—Å–∞–Ω–æ–≤–∞ 
–ó–∞—Å—Ç—Ä–æ–π—â–∏–∫: –î–ò-—Ü–µ–Ω—Ç—Ä
–ì–æ–¥ –ø–æ—Å—Ç—Ä–æ–π–∫–∏: 2015 –≥.
–û–±—â–∞—è –ø–ª–æ—â–∞–¥...",https://cdn.house.kg/house/images/0/7/5/0751a33a477474b10a524b2927a67296_240x180.jpg
/details/607329061dd36396d7371-01793242,"4-–∫–æ–º–Ω. –∫–≤., 223 –º2, 9 —ç—Ç–∞–∂ –∏–∑ 10",$ 162 000,"–ü—Ä–æ–¥–∞—é –î–≤—É—Ö—É—Ä–æ–≤–Ω–µ–≤—ã–π 4- –∫–æ–º–Ω–∞—Ç–Ω—É—é –∫–≤–∞—Ä—Ç–∏—Ä—É/–ø–µ–Ω—Ç—Ö–∞—É—Å . –£–ª. –§—Ä—É–Ω–∑–µ . –ü–µ—Ä–µ—Å–µ–∫–∞–µ—Ç —É–ª. –¢—É—Ä—É—Å–±–µ–∫–æ–≤–∞. –†–∞–π–æ–Ω –§–∏–ª–∞—Ä–º–æ–Ω–∏–∏ , –ö–ù–£.
–¥–≤–µ –∫–æ–º–Ω–∞—Ç—ã –±—ã–ª–∏ —Å–æ–µ–¥–∏–Ω–µ–Ω—ã –∫–∞–∫...",https://cdn.house.kg/house/images/a/5/9/a593f4cc52ab07cabb8f4d9180d2e552_240x180.jpg
/details/544664861dd25de138445-37997769,"4-–∫–æ–º–Ω. –∫–≤., 116 –º2, 1 —ç—Ç–∞–∂ –∏–∑ 5",$ 93 500,"–ü—Ä–æ–¥–∞—é 4-—Ö –∫–æ–º–Ω–∞—Ç–Ω—É—é –∫–≤–∞—Ä—Ç–∏—Ä—É –≤ –•–æ—Ä–æ—à–µ–º —Ä–∞–π–æ–Ω–µ –ò—Å–∞–Ω–æ–≤–∞ / –ë–æ–∫–æ–Ω–±–∞–µ–≤–∞ 
–ò–Ω–¥–∏–≤–∏–¥—É–∞–ª—å–Ω–∞—è –ø–ª–∞–Ω–∏—Ä–æ–≤–∫–∞, –¥–æ–º –Ω–∞—Ö–æ–¥–∏—Ç—Å—è –Ω–∞–ø—Ä–æ—Ç–∏–≤ 70-–π —à–∫–æ–ª—ã
–≠—Ç–∞–∂–Ω–æ—Å—Ç—å: 1 –∏–∑ 5
–ü–ª...",https://cdn.house.kg/house/images/1/2/d/12de06f62f5148d5738faf5bafa3542a_240x180.jpg
/details/900353861efde2e2db248-29129868,"3-–∫–æ–º–Ω. –∫–≤., 112 –º2, 11 —ç—Ç–∞–∂ –∏–∑ 14",$ 77 280,"–ü—Ä–æ–¥–∞–µ—Ç—Å—è 3-—Ö –∫–æ–º–Ω–∞—Ç–Ω–∞—è 
–∫–≤–∞—Ä—Ç–∏—Ä–∞ –≠–∫—Å–∫–ª—é–∑–∏–≤–Ω–æ–º –î–æ–º–µ
–ü—Ä–µ–º–∏—É–º –ö–ª–∞—Å—Å–∞ üèÜ
–ñ–∏–ª–æ–π –ö–æ–º–ø–ª–µ–∫—Å  ""–Æ–∂–Ω—ã–π –ö–≤–∞—Ä—Ç–∞–ª""üè¢
–ó–∞—Å—Ç—Ä–æ–π—â–∏–∫ ""–ò—Ö–ª–∞—Å""'üèóÔ∏è
–ê–¥—Ä–µ—Å: –ü—Ä.–ú–∏—Ä–∞/–Æ–∂.–ú–∞–≥...",https://cdn.house.kg/house/images/a/a/4/aa4b77b4a2f4c49fd2a19a641d19413f_240x180.jpg
/details/778515761dc4b5b100128-41933465,"4-–∫–æ–º–Ω. –∫–≤., 200 –º2, 6 —ç—Ç–∞–∂ –∏–∑ 8",$ 180 000,"–ü—Ä–æ–¥–∞–µ—Ç—Å—è 4—Ö –∫–æ–º–Ω–∞—Ç–Ω–∞—è –∫–≤–∞—Ä—Ç–∏—Ä–∞!!! –†–∞—Å–ø–æ–ª–æ–∂–µ–Ω–∞ –ø–æ –ú–∞–Ω–∞—Å—á—ã —Å–∞–≥—ã–Ω–±–∞—è.

–ó–∞—Å—Ç—Ä–æ–π—â–∏–∫ –ú–ë–°
–û–±—â–∞—è –ø–ª–æ—â–∞–¥—å 200–º¬≤
6 —ç—Ç–∞–∂ 8 
–°–µ—Ä–∏—è —ç–ª–∏—Ç–∫–∞ 
–¢–∏–ø —Å—Ç—Ä–æ–µ–Ω–∏–µ –º–æ–Ω–æ–ª–∏—Ç–Ω—ã...",https://cdn.house.kg/house/images/d/6/2/d6235ea94829acbc65190c075f2eb27f_240x180.jpg
/details/294975961dc0a9d5b1227-52067381,"1-–∫–æ–º–Ω. –∫–≤., 28 –º2, 2 —ç—Ç–∞–∂ –∏–∑ 3",$ 27 000,"–ü—Ä–æ–¥–∞—ë—Ç—Å—è 1—Ö –∫–æ–º–Ω–∞—Ç–Ω–∞—è –∫–≤–∞—Ä—Ç–∏—Ä–∞  !!!
–ê–¥—Ä–µ—Å:  –≥.–ë–∏—à–∫–µ–∫ , –ü–æ–ª–∏—Ç–µ—Ö —É–ª.–°—É—Ö–æ–º–ª–∏–Ω–∞   –¥–æ–º 23 

–¢–∏–ø —Å—Ç—Ä–æ–µ–Ω–∏–µ: –∫–∏—Ä–ø–∏—á
–°–µ—Ä–∏—è : –•—Ä—É—Å—Ç–∞–ª–∏–Ω–∫–∞
–≠—Ç–∞–∂:  2 —ç—Ç–∞–∂ 3...",https://cdn.house.kg/house/images/d/3/d/d3d1e5a1e9309e87349620abeebf29d8_240x180.jpg
/details/103962561dbcf12ad1378-13315505,"4-–∫–æ–º–Ω. –∫–≤., 108 –º2, 2 —ç—Ç–∞–∂ –∏–∑ 9",$ 86 300,"–ü—Ä–æ–¥–∞–µÃà—Ç—Å—è 4—Ö –∫–æ–º.–∫–≤.
–†–∞–∏ÃÜ–æ–Ω: –Æ–≥-2
–ì–æ–¥ –ø–æ—Å—Ç—Ä–æ–∏ÃÜ–∫–∏: 1993
–û–±—â–∞—è –ø–ª–æ—â–∞–¥—å: 108 –∫–≤.–º.
–°–µ—Ä–∏—è: –∏–Ω–¥.–ø–ª–∞–Ω–∏—Ä–æ–≤–∫–∞
–¢–∏–ø —Å—Ç—Ä–æ–µ–Ω–∏—è: –∫–∏—Ä–ø–∏—á
–≠—Ç–∞–∂: 2 –∏–∑ 9
–ö–≤–∞—Ä—Ç–∏—Ä–∞: –Ω–µ ...",https://cdn.house.kg/house/images/1/2/8/12826f55073e92a2ed1cc90de95cb293_240x180.jpg
/details/240060261da91d6819367-51150267,"4-–∫–æ–º–Ω. –∫–≤., 116 –º2, 3 —ç—Ç–∞–∂ –∏–∑ 7",$ 104 000,"–ü—Ä–æ–¥–∞–µ—Ç—Å—è 4-—Ö –∫–æ–º–Ω–∞—Ç–Ω–∞—è –°–æ–≤–º–∏–Ω–æ–≤—Å–∫–∞—è –∫–≤–∞—Ä—Ç–∏—Ä–∞
–†–∞—Å–ø–æ–ª–æ–∂–µ–Ω–∞ –≤ –ó–æ–ª–æ—Ç–æ–º –ö–≤–∞–¥—Ä–∞—Ç–µ 
–ë–æ–∫–æ–Ω–±–∞–µ–≤–∞ // –¢—ã–Ω—ã—Å—Ç–∞–Ω–æ–≤–∞ –¥64/1

–ì–æ–¥ –ø–æ—Å—Ç—Ä–æ–∏‚Äå–∫–∏: 1982.
–û–±—â–∞—è –ø–ª–æ—â–∞–¥—å: 90...",https://cdn.house.kg/house/images/a/9/d/a9d2f36208b3f6375202621393b12dc5_240x180.jpg
/details/358249561da8c0c3279c6-71368091,"1-–∫–æ–º–Ω. –∫–≤., 48 –º2, 8 —ç—Ç–∞–∂ –∏–∑ 9",$ 34 500,"–ü—Ä–æ–¥–∞—é: 1 –∫–æ–º–Ω–∞—Ç–Ω—É—é –∫–≤–∞—Ä—Ç–∏—Ä—É –≤ —Ä–∞–π–æ–Ω–µ –í–æ—Å—Ç–æ–∫ -5
–ö–∏–∏–∑–±–∞–µ–≤–∞ –¥89

–°–µ—Ä–∏—è - 106—É–ª—É—á—à–µ–Ω–Ω–∞—è
–ì–æ–¥ –ø–æ—Å—Ç—Ä–æ–π–∫–∏ - 2015.
–¢–∏–ø —Å—Ç—Ä–æ–µ–Ω–∏–µ : –ø–∞–Ω–µ–ª—å
–≠—Ç–∞–∂: 8 —ç—Ç–∞–∂ 9
–õ–æ–¥–∂–∏–∏...",https://cdn.house.kg/house/images/3/4/0/3401c62145f38ad1df42ee0560f87a69_240x180.jpg
/details/485424661da88d017b1b4-62348367,"4-–∫–æ–º–Ω. –∫–≤., 133.6 –º2, 11 —ç—Ç–∞–∂ –∏–∑ 15",$ 130 000,"–ü—Ä–æ–¥–∞—é 4—Ö –∫–æ–º–Ω–∞—Ç–Ω—É—é –∫–≤–∞—Ä—Ç–∏—Ä—É –≤ 
–¶–µ–Ω—Ç—Ä–µ 
–ë–æ–∫–æ–Ω–±–∞–µ–≤–∞//–ü–∞–Ω—Ñ–∏–ª–æ–≤–∞ 

–°–ö Premiere constuction
–ñ–ö Premiere Palase
–ì–æ–¥ –ø–æ—Å—Ç—Ä–æ–π–∫–∏ -2019.

–¢–∏–ø —Å—Ç—Ä–æ–µ–Ω–∏—è -–∫–∏—Ä–ø–∏—á+...",https://cdn.house.kg/house/images/8/b/f/8bf97e6dab838febab24741f22bc4ed6_240x180.jpg
/details/90917861d86c1607a780-87465609,"3-–∫–æ–º–Ω. –∫–≤., 122 –º2, 9 —ç—Ç–∞–∂ –∏–∑ 15",$ 104 000,"–ü—Ä–æ–¥–∞—é 3—Ö –∫–æ–º–Ω–∞—Ç–Ω—É—é –∫–≤–∞—Ä—Ç–∏—Ä—É –≤ 
–¶–µ–Ω—Ç—Ä–µ 
–ë–æ–∫–æ–Ω–±–∞–µ–≤–∞//–ü–∞–Ω—Ñ–∏–ª–æ–≤–∞ 

–°–ö Premiere constuction
–ñ–ö Premiere Palase
–ì–æ–¥ –ø–æ—Å—Ç—Ä–æ–π–∫–∏ -2019.

–¢–∏–ø —Å—Ç—Ä–æ–µ–Ω–∏—è -–∫–∏—Ä–ø–∏—á+...",https://cdn.house.kg/house/images/f/f/f/fffad2380bd60a0f3b71a9a2c754e7aa_240x180.jpg
/details/173676061d8049643a086-09845135,"3-–∫–æ–º–Ω. –∫–≤., 70 –º2, 8 —ç—Ç–∞–∂ –∏–∑ 9",$ 53 500,"–ü—Ä–æ–¥–∞—é 3-–∫–æ–º–Ω–∞—Ç–Ω—É—é –∫–≤–∞—Ä—Ç–∏—Ä—É –≤ 7 –º–∫—Ä
–°–æ —Å—Ç–æ—Ä–æ–Ω—ã –°—É—à–∏–ª–∫–∏!!!
–ö–æ–ª–∏—á–µ—Å—Ç–≤–æ –∫–æ–º–Ω–∞—Ç: 3

–°–µ—Ä–∏—è: 105
–¢–∏–ø —Å—Ç—Ä–æ–µ–Ω–∏—è: –ø–∞–Ω–µ–ª—å–Ω—ã–π
–≠—Ç–∞–∂: 8 –∏–∑ 9 (—É–≥–ª–æ–≤–∞—è)
–ü–ª–æ—â–∞–¥—å: 64 ...",https://cdn.house.kg/house/images/0/9/8/09881091230bcc951ac7e684c0d5116b_240x180.jpg
/details/609781261d7db84e6de45-56394509,"–ö–æ–º–º–µ—Ä—á–µ—Å–∫–∞—è –Ω–µ–¥–≤–∏–∂–∏–º–æ—Å—Ç—å, 28 –º2",$ 32 500,"–°—Ä–æ—á–Ω–æ –ø—Ä–æ–¥–∞—ë—Ç—Å—è –ö–æ–º–µ—Ä—á–µ—Å–∫–æ–µ –ø–æ–º–µ—â–µ–Ω–∏–µ 
–û—Ñ–∏—Å –≤ –ë–∏–∑–Ω–µ—Å –¶–µ–Ω—Ç—Ä ""SOHO""

–≤ –ó–æ–ª–æ—Ç–æ–π —Å–µ—Ä–µ–¥–∏–Ω–µ –≥–æ—Ä–æ–¥–∞
—É–ª.–ë–∞–π—Ç–∏–∫ –ë–∞–∞—Ç—ã—Ä–∞(–°–æ–≤–µ—Ç—Å–∫–∞—è)//–ö–∞—Ä–∞—Å–∞–µ–≤–∞(–î—Ä—É–∂–±–∞).

–ì–æ–¥ –ø–æ...",https://cdn.house.kg/house/images/9/3/4/934d77c0ee625c6ef36d04c0bb7e5aab_240x180.jpg
/details/280042761d7cc9c770d44-89912880,"4-–∫–æ–º–Ω. –∫–≤., 108 –º2, 9 —ç—Ç–∞–∂ –∏–∑ 9",$ 68 000,"–ü—Ä–æ–¥–∞—é 4—Ö
–ö–æ–ª–∏—á–µ—Å—Ç–≤–æ –∫–æ–º–Ω–∞—Ç: 4—Ö 
–ê–¥—Ä–µ—Å: –í  —Ä–∞–π–æ–Ω–µ –Æ–≥- 2 
–°–µ—Ä–∏—è: 106 —Å–µ—Ä–∏—è —É–ª—É—á—à–µ–Ω–Ω–∞—è
–≠—Ç–∞–∂:¬† 9 –∏–∑ 9
–ü–ª–æ—â–∞–¥—å: –∂–∏–ª–∞—è 92–º¬≤
–ö–æ–º—É–Ω–∏–∫–∞—Ü–∏–∏: —Ü–µ–Ω—Ç—Ä–∞–ª—å–Ω—ã–µ
–°–æ—Å—Ç–æ—è...",https://cdn.house.kg/house/images/3/c/8/3c8fba6a3b6cf11e8264776efae61cf2_240x180.jpg
/details/762254561d6acf10fcfd4-82578194,"4-–∫–æ–º–Ω. –∫–≤., 118.8 –º2, 2 —ç—Ç–∞–∂ –∏–∑ 3",$ 89 100,"–ü—Ä–æ–¥–∞—ë—Ç—Å—è 4-—Ö –∫–æ–º–Ω–∞—Ç–Ω–∞—è –∫–≤–∞—Ä—Ç–∏—Ä–∞!!!! –í –ö–ª—É–±–Ω–æ–º –î–æ–º–µ!!!
–ê–¥—Ä–µ—Å: –ë–∏—à–∫–µ–∫, –¶–∞—Ä—Å–∫–æ–µ —Å–µ–ª–æ , —É–ª. –ß–æ–Ω-–ê—Ä—ã–∫ 

–°–µ—Ä–∏—è: –Ω–æ–≤–æ—Å—Ç—Ä–æ–π–∫–∞
–î–æ–º: –∫–∏—Ä–ø–∏—á–Ω—ã–∏ÃÜ
–≠—Ç–∞–∂: 2 —ç—Ç–∞–∂ –∏–∑...",https://cdn.house.kg/house/images/3/8/3/38334d3f20da4dbc890eb6cfbcfcfb05_240x180.jpg
/details/464249661d68dc87221b5-24784541,"3-–∫–æ–º–Ω. –∫–≤., 112.5 –º2, 11 —ç—Ç–∞–∂ –∏–∑ 13",$ 105 000,"–ü—Ä–æ–¥–∞–µ—Ç—Å—è 3-—Ö –∫–æ–º–Ω–∞—Ç–Ω–∞—è –∫–≤–∞—Ä—Ç–∏—Ä–∞ –≤ –≠–∫–æ–ª–æ–≥–∏—á–µ—Å–∫–∏ —á–∏—Å—Ç–æ–º —Ä–∞–π–æ–Ω–µ ¬´–ú–∏—Ä–∞/–ú–∞–≥–∏—Å—Ç—Ä–∞–ª—å¬ª !!! 
–°–µ—Ä–∏—è - —ç–ª–∏—Ç–∫–∞
–î–æ–º ‚Äì –∫–∏—Ä–ø–∏—á–Ω—ã–π
–°–ö ‚Äì –£–†–ë–ò–° 
–¢–µ—Ö.–ø–∞—Å–ø–æ—Ä—Ç –Ω–∞ —Ä—É–∫–∞—Ö
–≠...",https://cdn.house.kg/house/images/a/7/0/a7010466780b7a4d8de9cb1789a19dc0_240x180.jpg
/details/170605661d5563fd0acc9-69561678,"2-–∫–æ–º–Ω. –∫–≤., 73 –º2, 4 —ç—Ç–∞–∂ –∏–∑ 10",$ 92 000,"–ü—Ä–æ–¥–∞—é 2—Ö –∫–æ–º–Ω–∞—Ç–Ω—É—é –∫–≤–∞—Ä—Ç–∏—Ä—É –≤ –ó–æ–ª–æ—Ç–æ–º –∫–≤–∞–¥—Ä–∞—Ç–µ 
–¢–æ–∫—Ç–æ–≥—É–ª–∞//–ò—Å–∞–Ω–æ–≤–∞

–ì–æ–¥ –ø–æ—Å—Ç—Ä–æ–π–∫–∏ -2018.
–¢–∏–ø —Å—Ç—Ä–æ–µ–Ω–∏—è -–∫–∏—Ä–ø–∏—á.
–û–±—â–∞—è –ø–ª–æ—â–∞–¥—å - 66.1–º2.+ 2–ª–æ–¥–∂–∏–∏ = 73–º...",https://cdn.house.kg/house/images/2/8/9/289a31b307be5b76c4232d9678443da8_240x180.jpg
/details/550957261d4449cb8faa8-71640803,"4-–∫–æ–º–Ω. –∫–≤., 127 –º2, 2 —ç—Ç–∞–∂ –∏–∑ 5",$ 135 000,"–ü—Ä–æ–¥–∞–∂–∞: 4—Ö –∫–æ–º–Ω–∞—Ç–Ω—É—é –∫–≤–∞—Ä—Ç–∏—Ä—É!!!!
–ê–¥—Ä–µ—Å: –ë–∏—à–∫–µ–∫, 5 –º–∫—Ä-–Ω

–°–µ—Ä–∏—è: –∏–Ω–¥–∏–≤–∏–¥. –ø–ª–∞–Ω–∏—Ä–æ–≤–∫–∞
–¢–∏–ø —Å—Ç—Ä–æ–µ–Ω–∏–µ: –∫–∏—Ä–ø–∏—á–Ω—ã–∏ÃÜ
–≠—Ç–∞–∂: 2 —ç—Ç–∞–∂ –∏–∑ 5
–û–±—â–∞—è –ø–ª–æ—â–∞–¥—å: 127 –º¬≤...",https://cdn.house.kg/house/images/a/c/2/ac2f57403439be28084db83f513b765b_240x180.jpg
/details/173943861d3d325293165-15204021,"3-–∫–æ–º–Ω. –∫–≤., 117 –º2, 4 —ç—Ç–∞–∂ –∏–∑ 9",$ 80 000,"–ü—Ä–æ–¥–∞—ë—Ç—Å—è 3—Ö –∫–æ–º–Ω–∞—Ç–Ω–∞—è –∫–≤–∞—Ä—Ç–∏—Ä–∞  !!!
–ê–¥—Ä–µ—Å:  –≥.–ë–∏—à–∫–µ–∫ , –ö–æ–∫-–ñ–∞—Ä ,–∫–æ.–®–æ–æ–∫—É–º//–ö—É–π—Ä—É—á—É–∫ !!!

–ó–∞—Å—Ç—Ä–æ–π—â–∏–∫: –¢–æ–ª–º–∞–Ω –°—Ç—Ä–æ–π
–ì–æ–¥ –ø–æ—Å—Ç—Ä–æ–π–∫–∏: 2019
–¢–∏–ø —Å—Ç—Ä–æ–µ–Ω–∏–µ: –º...",https://cdn.house.kg/house/images/8/e/d/8ed46f4e7ccc52693853236914b39b6c_240x180.jpg
/details/177109261d2dbb51f2904-64840018,"3-–∫–æ–º–Ω. –∫–≤., 54 –º2, 1 —ç—Ç–∞–∂ –∏–∑ 4",$ 52 500,"–°—Ä–æ—á–Ω–æ –ø—Ä–æ–¥–∞—é 3—Ö –∫–æ–º–Ω–∞—Ç–Ω—É—é –∫–≤–∞—Ä—Ç–∏—Ä—É –≤ —Ü–µ–Ω—Ç—Ä–µ –≥–æ—Ä–æ–¥–∞
–¢–æ–∫—Ç–æ–≥—É–ª–∞//–ú–∞–Ω–∞—Å–∞
(–¢–∞–±—ã—à–∞–ª–∏–µ–≤–∞ –¥51)

–°–µ—Ä–∏—è - –∏–Ω–¥–∏–≤–∏–¥—É–∞–ª—å–Ω—ã–π –ø—Ä–æ–µ–∫—Ç
–û–±—â–∞—è –ø–ª–æ—â–∞–¥—å -54–º¬≤
–ö–æ–º–º—É–Ω–∏–∫–∞—Ü–∏...",https://cdn.house.kg/house/images/c/1/8/c189b1b5b4ca66513d60f0f9da939f32_240x180.jpg
/details/336017861d2d7ecb76fe3-52810799,"3-–∫–æ–º–Ω. –∫–≤., 75 –º2, 2 —ç—Ç–∞–∂ –∏–∑ 4",$ 35 000,"–°—Ä–æ—á–Ω–æ‚Ä¶ –ü—Ä–æ–¥–∞—é: 3-—Ö –∫–æ–º–Ω–∞—Ç–Ω—É—é –î–≤—É—Ö —É—Ä–æ–≤–Ω–µ–≤—É—é –∫–≤–∞—Ä—Ç–∏—Ä—É –≤ —Ü–µ–Ω—Ç—Ä–µ !!! 
–ö–≤–∞—Ä—Ç–∏—Ä–∞ –∏–¥–µ–∞–ª—å–Ω–æ –ø–æ–¥—Ö–æ–¥–∏—Ç –ø–æ–¥ —Å–¥–∞—á—É !!! 
–ê–¥—Ä–µ—Å: –ß—É–π/–ì–æ–≥–æ–ª—è
–°–µ—Ä–∏—è: –ò–ü
–≠—Ç–∞–∂: 2/4
–¢–∏...",https://cdn.house.kg/house/images/4/8/6/4868b423a727b15d3d9bf381a54de90b_240x180.jpg
